Phase,Job_ID,PDB_ID,Ref_PDB,Lig_PDB,Mutation,Pocket,Drug,Covalent,Selectivity,Source,Tool,RMSD,IFP_Tanimoto,Contact_Recovery_Pct,Burial_Frac,Burial_Similarity,Validity_Pct,Clash_Pct,Pocket_CA_RMSD,TM_Score
P1_Redock,7RPZ,7RPZ,7RPZ,7RPZ,G12D,SII-P,MRTX1133,False,G12D-selective,Mirati,Vina,0.119,0.897,100.0,0.636,0.932,100.0,0.0,,
P1_Redock,7RPZ,7RPZ,7RPZ,7RPZ,G12D,SII-P,MRTX1133,False,G12D-selective,Mirati,Smina,0.1468,0.897,100.0,0.705,0.863,100.0,0.0,,
P1_Redock,7RPZ,7RPZ,7RPZ,7RPZ,G12D,SII-P,MRTX1133,False,G12D-selective,Mirati,DiffDock,1.699,0.558,84.6,0.636,0.932,100.0,0.0,,
P1_Redock,7RPZ,7RPZ,7RPZ,7RPZ,G12D,SII-P,MRTX1133,False,G12D-selective,Mirati,DiffDock-P,1.9102,0.488,100.0,0.682,0.886,100.0,0.0,,
P1_Redock,7RPZ,7RPZ,7RPZ,7RPZ,G12D,SII-P,MRTX1133,False,G12D-selective,Mirati,Boltz,4.7352,0.245,69.2,0.886,0.682,0.0,34.1,0.38,0.995
P1_Redock,7RPZ,7RPZ,7RPZ,7RPZ,G12D,SII-P,MRTX1133,False,G12D-selective,Mirati,Chai-1,43.1866,0.078,46.2,0.432,0.864,100.0,9.1,7.63,0.555
P1_Redock,7RPZ,7RPZ,7RPZ,7RPZ,G12D,SII-P,MRTX1133,False,G12D-selective,Mirati,Boltz+Vina,0.3852,0.793,100.0,0.591,0.977,100.0,0.0,,
P1_Redock,7RPZ,7RPZ,7RPZ,7RPZ,G12D,SII-P,MRTX1133,False,G12D-selective,Mirati,Boltz+DD,1.7267,0.524,92.3,0.727,0.841,100.0,0.0,,
P1_Redock,7T47,7T47,7T47,7T47,G12D,SII-P,MRTX1133(GTP),False,G12D-selective,Mirati,Vina,0.1445,0.89,100.0,0.705,0.977,100.0,0.0,,
P1_Redock,7T47,7T47,7T47,7T47,G12D,SII-P,MRTX1133(GTP),False,G12D-selective,Mirati,Smina,0.1546,0.908,100.0,0.705,0.977,100.0,0.0,,
P1_Redock,7T47,7T47,7T47,7T47,G12D,SII-P,MRTX1133(GTP),False,G12D-selective,Mirati,DiffDock,1.9899,0.497,92.9,0.636,0.954,100.0,2.3,,
P1_Redock,7T47,7T47,7T47,7T47,G12D,SII-P,MRTX1133(GTP),False,G12D-selective,Mirati,DiffDock-P,3.2561,0.444,92.9,0.841,0.841,100.0,4.5,,
P1_Redock,7T47,7T47,7T47,7T47,G12D,SII-P,MRTX1133(GTP),False,G12D-selective,Mirati,Boltz,4.522,0.094,71.4,0.932,0.75,0.0,34.1,0.44,0.993
P1_Redock,7T47,7T47,7T47,7T47,G12D,SII-P,MRTX1133(GTP),False,G12D-selective,Mirati,Chai-1,39.1747,0.118,42.9,0.432,0.75,100.0,15.9,6.64,0.65
P1_Redock,7T47,7T47,7T47,7T47,G12D,SII-P,MRTX1133(GTP),False,G12D-selective,Mirati,Boltz+Vina,0.5993,0.875,100.0,0.591,0.909,100.0,0.0,,
P1_Redock,7T47,7T47,7T47,7T47,G12D,SII-P,MRTX1133(GTP),False,G12D-selective,Mirati,Boltz+DD,2.1546,0.563,92.9,0.727,0.955,100.0,0.0,,
P1_Redock,8AZV,8AZV,8AZV,8AZV,G12D,SII-P,BI-2865,False,pan-KRAS,Boehringer-Ingelheim,Vina,0.1863,0.951,100.0,0.485,0.97,100.0,0.0,,
P1_Redock,8AZV,8AZV,8AZV,8AZV,G12D,SII-P,BI-2865,False,pan-KRAS,Boehringer-Ingelheim,Smina,0.1669,0.983,100.0,0.455,1.0,100.0,0.0,,
P1_Redock,8AZV,8AZV,8AZV,8AZV,G12D,SII-P,BI-2865,False,pan-KRAS,Boehringer-Ingelheim,DiffDock,2.6626,0.51,70.0,0.455,1.0,75.0,0.0,,
P1_Redock,8AZV,8AZV,8AZV,8AZV,G12D,SII-P,BI-2865,False,pan-KRAS,Boehringer-Ingelheim,DiffDock-P,1.7662,0.562,80.0,0.515,0.94,85.0,6.1,,
P1_Redock,8AZV,8AZV,8AZV,8AZV,G12D,SII-P,BI-2865,False,pan-KRAS,Boehringer-Ingelheim,Boltz,5.5601,0.315,90.0,0.939,0.516,0.0,36.4,0.6,0.992
P1_Redock,8AZV,8AZV,8AZV,8AZV,G12D,SII-P,BI-2865,False,pan-KRAS,Boehringer-Ingelheim,Chai-1,35.216,0.053,20.0,0.606,0.849,0.0,33.3,7.09,0.557
P1_Redock,8AZV,8AZV,8AZV,8AZV,G12D,SII-P,BI-2865,False,pan-KRAS,Boehringer-Ingelheim,Boltz+Vina,0.9948,0.846,100.0,0.545,0.91,100.0,0.0,,
P1_Redock,8AZV,8AZV,8AZV,8AZV,G12D,SII-P,BI-2865,False,pan-KRAS,Boehringer-Ingelheim,Boltz+DD,2.2517,0.549,90.0,0.576,0.879,90.0,9.1,,
P1_Redock,8TXE,8TXE,8TXE,8TXE,G12D,SII-P,ERAS-5024,False,G12D-selective,Erasca,Vina,0.2867,0.895,100.0,0.488,0.976,100.0,0.0,,
P1_Redock,8TXE,8TXE,8TXE,8TXE,G12D,SII-P,ERAS-5024,False,G12D-selective,Erasca,Smina,0.1335,0.942,100.0,0.488,0.976,100.0,0.0,,
P1_Redock,8TXE,8TXE,8TXE,8TXE,G12D,SII-P,ERAS-5024,False,G12D-selective,Erasca,DiffDock,1.7653,0.461,100.0,0.698,0.814,100.0,0.0,,
P1_Redock,8TXE,8TXE,8TXE,8TXE,G12D,SII-P,ERAS-5024,False,G12D-selective,Erasca,DiffDock-P,1.4831,0.547,91.7,0.488,0.976,100.0,0.0,,
P1_Redock,8TXE,8TXE,8TXE,8TXE,G12D,SII-P,ERAS-5024,False,G12D-selective,Erasca,Boltz,5.0759,0.097,50.0,0.953,0.559,100.0,23.3,0.64,0.989
P1_Redock,8TXE,8TXE,8TXE,8TXE,G12D,SII-P,ERAS-5024,False,G12D-selective,Erasca,Chai-1,37.328,0.111,50.0,0.535,0.977,100.0,20.9,6.95,0.572
P1_Redock,8TXE,8TXE,8TXE,8TXE,G12D,SII-P,ERAS-5024,False,G12D-selective,Erasca,Boltz+Vina,0.2841,0.871,100.0,0.419,0.907,100.0,0.0,,
P1_Redock,8TXE,8TXE,8TXE,8TXE,G12D,SII-P,ERAS-5024,False,G12D-selective,Erasca,Boltz+DD,1.3277,0.529,100.0,0.605,0.907,100.0,0.0,,
P1_Redock,8TXG,8TXG,8TXG,8TXG,G12D,SII-P,Erasca-cpd8,False,G12D-selective,Erasca,Vina,0.1426,0.96,100.0,0.571,1.0,100.0,0.0,,
P1_Redock,8TXG,8TXG,8TXG,8TXG,G12D,SII-P,Erasca-cpd8,False,G12D-selective,Erasca,Smina,1.1616,0.805,100.0,0.524,0.953,100.0,0.0,,
P1_Redock,8TXG,8TXG,8TXG,8TXG,G12D,SII-P,Erasca-cpd8,False,G12D-selective,Erasca,DiffDock,2.1764,0.497,83.3,0.619,0.952,100.0,4.8,,
P1_Redock,8TXG,8TXG,8TXG,8TXG,G12D,SII-P,Erasca-cpd8,False,G12D-selective,Erasca,DiffDock-P,1.5626,0.683,100.0,0.595,0.976,100.0,0.0,,
P1_Redock,8TXG,8TXG,8TXG,8TXG,G12D,SII-P,Erasca-cpd8,False,G12D-selective,Erasca,Boltz,4.5768,0.229,83.3,0.929,0.642,100.0,26.2,0.75,0.986
P1_Redock,8TXG,8TXG,8TXG,8TXG,G12D,SII-P,Erasca-cpd8,False,G12D-selective,Erasca,Chai-1,45.1989,0.106,58.3,0.476,0.905,100.0,28.6,6.94,0.563
P1_Redock,8TXG,8TXG,8TXG,8TXG,G12D,SII-P,Erasca-cpd8,False,G12D-selective,Erasca,Boltz+Vina,0.3553,0.837,91.7,0.571,1.0,100.0,0.0,,
P1_Redock,8TXG,8TXG,8TXG,8TXG,G12D,SII-P,Erasca-cpd8,False,G12D-selective,Erasca,Boltz+DD,1.5012,0.577,100.0,0.667,0.904,100.0,0.0,,
P1_Redock,8TXH,8TXH,8TXH,8TXH,G12D,SII-P,Erasca-cpd14,False,G12D-selective,Erasca,Vina,0.139,0.91,100.0,0.489,0.979,100.0,0.0,,
P1_Redock,8TXH,8TXH,8TXH,8TXH,G12D,SII-P,Erasca-cpd14,False,G12D-selective,Erasca,Smina,0.2424,0.89,100.0,0.532,0.936,100.0,0.0,,
P1_Redock,8TXH,8TXH,8TXH,8TXH,G12D,SII-P,Erasca-cpd14,False,G12D-selective,Erasca,DiffDock,2.8184,0.482,84.6,0.702,0.766,100.0,4.3,,
P1_Redock,8TXH,8TXH,8TXH,8TXH,G12D,SII-P,Erasca-cpd14,False,G12D-selective,Erasca,DiffDock-P,2.2194,0.506,92.3,0.681,0.787,100.0,0.0,,
P1_Redock,8TXH,8TXH,8TXH,8TXH,G12D,SII-P,Erasca-cpd14,False,G12D-selective,Erasca,Boltz,5.9256,0.192,76.9,0.894,0.574,100.0,27.7,0.58,0.989
P1_Redock,8TXH,8TXH,8TXH,8TXH,G12D,SII-P,Erasca-cpd14,False,G12D-selective,Erasca,Chai-1,37.0825,0.075,30.8,0.447,0.979,100.0,14.9,6.49,0.617
P1_Redock,8TXH,8TXH,8TXH,8TXH,G12D,SII-P,Erasca-cpd14,False,G12D-selective,Erasca,Boltz+Vina,0.9006,0.779,100.0,0.447,0.979,100.0,0.0,,
P1_Redock,8TXH,8TXH,8TXH,8TXH,G12D,SII-P,Erasca-cpd14,False,G12D-selective,Erasca,Boltz+DD,1.9232,0.53,92.3,0.596,0.872,100.0,0.0,,
P1_Redock,8QUG,8QUG,8QUG,8QUG,G12D,SII-P,BI-degrader-WH,False,pan-KRAS,Boehringer-Ingelheim,Vina,0.1939,0.92,100.0,0.438,0.969,100.0,0.0,,
P1_Redock,8QUG,8QUG,8QUG,8QUG,G12D,SII-P,BI-degrader-WH,False,pan-KRAS,Boehringer-Ingelheim,Smina,0.1871,0.91,100.0,0.469,1.0,100.0,0.0,,
P1_Redock,8QUG,8QUG,8QUG,8QUG,G12D,SII-P,BI-degrader-WH,False,pan-KRAS,Boehringer-Ingelheim,DiffDock,2.9281,0.393,72.7,0.594,0.875,70.0,12.5,,
P1_Redock,8QUG,8QUG,8QUG,8QUG,G12D,SII-P,BI-degrader-WH,False,pan-KRAS,Boehringer-Ingelheim,DiffDock-P,1.1815,0.414,72.7,0.469,1.0,95.0,0.0,,
P1_Redock,8QUG,8QUG,8QUG,8QUG,G12D,SII-P,BI-degrader-WH,False,pan-KRAS,Boehringer-Ingelheim,Boltz,4.8776,0.137,81.8,0.938,0.531,0.0,43.8,0.47,0.995
P1_Redock,8QUG,8QUG,8QUG,8QUG,G12D,SII-P,BI-degrader-WH,False,pan-KRAS,Boehringer-Ingelheim,Chai-1,39.879,0.084,63.6,0.531,0.938,100.0,12.5,5.64,0.676
P1_Redock,8QUG,8QUG,8QUG,8QUG,G12D,SII-P,BI-degrader-WH,False,pan-KRAS,Boehringer-Ingelheim,Boltz+Vina,1.3693,0.714,90.9,0.562,0.907,100.0,0.0,,
P1_Redock,8QUG,8QUG,8QUG,8QUG,G12D,SII-P,BI-degrader-WH,False,pan-KRAS,Boehringer-Ingelheim,Boltz+DD,2.5678,0.403,81.8,0.562,0.907,80.0,0.0,,
P1_Redock,8T4V,8T4V,8T4V,8T4V,G12D,SII-P,malolactone-1,True,G12D-covalent,Shokat-lab,Vina,0.4711,0.823,100.0,0.583,1.0,100.0,0.0,,
P1_Redock,8T4V,8T4V,8T4V,8T4V,G12D,SII-P,malolactone-1,True,G12D-covalent,Shokat-lab,Smina,0.5579,0.811,100.0,0.583,1.0,100.0,0.0,,
P1_Redock,8T4V,8T4V,8T4V,8T4V,G12D,SII-P,malolactone-1,True,G12D-covalent,Shokat-lab,DiffDock,1.9475,0.58,100.0,0.521,0.938,100.0,0.0,,
P1_Redock,8T4V,8T4V,8T4V,8T4V,G12D,SII-P,malolactone-1,True,G12D-covalent,Shokat-lab,DiffDock-P,2.3778,0.551,71.4,0.625,0.958,100.0,0.0,,
P1_Redock,8T4V,8T4V,8T4V,8T4V,G12D,SII-P,malolactone-1,True,G12D-covalent,Shokat-lab,Boltz,8.0832,0.15,50.0,1.0,0.583,0.0,43.8,0.5,0.994
P1_Redock,8T4V,8T4V,8T4V,8T4V,G12D,SII-P,malolactone-1,True,G12D-covalent,Shokat-lab,Chai-1,55.9311,0.112,50.0,0.396,0.813,100.0,12.5,7.77,0.565
P1_Redock,8T4V,8T4V,8T4V,8T4V,G12D,SII-P,malolactone-1,True,G12D-covalent,Shokat-lab,Boltz+Vina,1.3547,0.709,92.9,0.562,0.979,100.0,2.1,,
P1_Redock,8T4V,8T4V,8T4V,8T4V,G12D,SII-P,malolactone-1,True,G12D-covalent,Shokat-lab,Boltz+DD,2.0548,0.523,85.7,0.708,0.875,100.0,2.1,,
P1_Redock,6OIM,6OIM,6OIM,6OIM,G12C,SII-P,sotorasib,True,G12C-covalent,Amgen,Vina,0.7166,0.833,100.0,0.488,0.951,100.0,0.0,,
P1_Redock,6OIM,6OIM,6OIM,6OIM,G12C,SII-P,sotorasib,True,G12C-covalent,Amgen,Smina,0.7185,0.811,100.0,0.488,0.951,100.0,0.0,,
P1_Redock,6OIM,6OIM,6OIM,6OIM,G12C,SII-P,sotorasib,True,G12C-covalent,Amgen,DiffDock,1.5317,0.535,91.7,0.537,0.902,100.0,0.0,,
P1_Redock,6OIM,6OIM,6OIM,6OIM,G12C,SII-P,sotorasib,True,G12C-covalent,Amgen,DiffDock-P,2.3027,0.458,83.3,0.585,0.854,100.0,4.9,,
P1_Redock,6OIM,6OIM,6OIM,6OIM,G12C,SII-P,sotorasib,True,G12C-covalent,Amgen,Boltz,5.0776,0.226,66.7,0.683,0.756,100.0,14.6,1.65,0.977
P1_Redock,6OIM,6OIM,6OIM,6OIM,G12C,SII-P,sotorasib,True,G12C-covalent,Amgen,Chai-1,48.7562,0.111,58.3,0.488,0.951,100.0,9.8,6.1,0.692
P1_Redock,6OIM,6OIM,6OIM,6OIM,G12C,SII-P,sotorasib,True,G12C-covalent,Amgen,Boltz+Vina,2.2092,0.588,91.7,0.512,0.927,100.0,2.4,,
P1_Redock,6OIM,6OIM,6OIM,6OIM,G12C,SII-P,sotorasib,True,G12C-covalent,Amgen,Boltz+DD,2.3204,0.441,91.7,0.683,0.756,100.0,4.9,,
P1_Redock,6UT0,6UT0,6UT0,6UT0,G12C,SII-P,adagrasib,True,G12C-covalent,Mirati,Vina,0.8821,0.791,100.0,0.698,0.907,100.0,0.0,,
P1_Redock,6UT0,6UT0,6UT0,6UT0,G12C,SII-P,adagrasib,True,G12C-covalent,Mirati,Smina,0.9712,0.764,100.0,0.651,0.954,100.0,0.0,,
P1_Redock,6UT0,6UT0,6UT0,6UT0,G12C,SII-P,adagrasib,True,G12C-covalent,Mirati,DiffDock,3.1453,0.534,86.7,0.698,0.907,100.0,4.7,,
P1_Redock,6UT0,6UT0,6UT0,6UT0,G12C,SII-P,adagrasib,True,G12C-covalent,Mirati,DiffDock-P,2.0854,0.557,73.3,0.767,0.838,100.0,0.0,,
P1_Redock,6UT0,6UT0,6UT0,6UT0,G12C,SII-P,adagrasib,True,G12C-covalent,Mirati,Boltz,5.6867,0.249,80.0,0.884,0.721,100.0,23.3,3.94,0.988
P1_Redock,6UT0,6UT0,6UT0,6UT0,G12C,SII-P,adagrasib,True,G12C-covalent,Mirati,Chai-1,53.5797,0.14,40.0,0.465,0.86,100.0,20.9,5.87,0.667
P1_Redock,6UT0,6UT0,6UT0,6UT0,G12C,SII-P,adagrasib,True,G12C-covalent,Mirati,Boltz+Vina,0.5837,0.824,93.3,0.535,0.93,100.0,0.0,,
P1_Redock,6UT0,6UT0,6UT0,6UT0,G12C,SII-P,adagrasib,True,G12C-covalent,Mirati,Boltz+DD,1.8912,0.567,80.0,0.581,0.976,100.0,2.3,,
P1_Redock,8B6I,8B6I,8B6I,8B6I,G12C,SII-P,AZD4747,True,G12C-covalent-CNS,AstraZeneca,Vina,0.8665,0.634,90.9,0.533,0.967,100.0,0.0,,
P1_Redock,8B6I,8B6I,8B6I,8B6I,G12C,SII-P,AZD4747,True,G12C-covalent-CNS,AstraZeneca,Smina,0.8044,0.639,90.9,0.533,0.967,100.0,0.0,,
P1_Redock,8B6I,8B6I,8B6I,8B6I,G12C,SII-P,AZD4747,True,G12C-covalent-CNS,AstraZeneca,DiffDock,1.8839,0.432,100.0,0.533,0.967,100.0,3.3,,
P1_Redock,8B6I,8B6I,8B6I,8B6I,G12C,SII-P,AZD4747,True,G12C-covalent-CNS,AstraZeneca,DiffDock-P,2.1909,0.345,81.8,0.733,0.767,100.0,3.3,,
P1_Redock,8B6I,8B6I,8B6I,8B6I,G12C,SII-P,AZD4747,True,G12C-covalent-CNS,AstraZeneca,Boltz,6.8922,0.145,45.5,0.9,0.6,100.0,16.7,0.44,0.986
P1_Redock,8B6I,8B6I,8B6I,8B6I,G12C,SII-P,AZD4747,True,G12C-covalent-CNS,AstraZeneca,Chai-1,57.2644,0.017,9.1,0.5,1.0,100.0,16.7,9.9,0.529
P1_Redock,8B6I,8B6I,8B6I,8B6I,G12C,SII-P,AZD4747,True,G12C-covalent-CNS,AstraZeneca,Boltz+Vina,0.8675,0.636,90.9,0.567,0.933,100.0,0.0,,
P1_Redock,8B6I,8B6I,8B6I,8B6I,G12C,SII-P,AZD4747,True,G12C-covalent-CNS,AstraZeneca,Boltz+DD,1.2855,0.451,90.9,0.667,0.833,100.0,6.7,,
P1_Redock,8X6R,8X6R,8X6R,8X6R,G12C,SII-P,ASP6918,True,G12C-covalent,Astellas,Vina,0.8465,0.658,100.0,0.435,0.935,100.0,0.0,,
P1_Redock,8X6R,8X6R,8X6R,8X6R,G12C,SII-P,ASP6918,True,G12C-covalent,Astellas,Smina,0.8295,0.699,100.0,0.435,0.935,100.0,0.0,,
P1_Redock,8X6R,8X6R,8X6R,8X6R,G12C,SII-P,ASP6918,True,G12C-covalent,Astellas,DiffDock,1.5512,0.479,83.3,0.5,0.87,100.0,2.2,,
P1_Redock,8X6R,8X6R,8X6R,8X6R,G12C,SII-P,ASP6918,True,G12C-covalent,Astellas,DiffDock-P,1.6227,0.442,91.7,0.478,0.892,100.0,2.2,,
P1_Redock,8X6R,8X6R,8X6R,8X6R,G12C,SII-P,ASP6918,True,G12C-covalent,Astellas,Boltz,8.2799,0.147,50.0,0.957,0.413,100.0,28.3,2.29,0.969
P1_Redock,8X6R,8X6R,8X6R,8X6R,G12C,SII-P,ASP6918,True,G12C-covalent,Astellas,Chai-1,47.6294,0.065,41.7,0.435,0.935,100.0,19.6,7.74,0.65
P1_Redock,8X6R,8X6R,8X6R,8X6R,G12C,SII-P,ASP6918,True,G12C-covalent,Astellas,Boltz+Vina,0.6733,0.624,100.0,0.457,0.913,100.0,0.0,,
P1_Redock,8X6R,8X6R,8X6R,8X6R,G12C,SII-P,ASP6918,True,G12C-covalent,Astellas,Boltz+DD,1.784,0.347,91.7,0.587,0.783,95.0,0.0,,
P1_Redock,8AZX,8AZX,8AZX,8AZX,G12C,SII-P,BI-2865(G12C),False,pan-KRAS,Boehringer-Ingelheim,Vina,0.1669,0.967,100.0,0.515,0.97,100.0,0.0,,
P1_Redock,8AZX,8AZX,8AZX,8AZX,G12C,SII-P,BI-2865(G12C),False,pan-KRAS,Boehringer-Ingelheim,Smina,0.1636,0.958,100.0,0.485,1.0,100.0,0.0,,
P1_Redock,8AZX,8AZX,8AZX,8AZX,G12C,SII-P,BI-2865(G12C),False,pan-KRAS,Boehringer-Ingelheim,DiffDock,2.2797,0.462,80.0,0.515,0.97,85.0,0.0,,
P1_Redock,8AZX,8AZX,8AZX,8AZX,G12C,SII-P,BI-2865(G12C),False,pan-KRAS,Boehringer-Ingelheim,DiffDock-P,2.5379,0.616,90.0,0.576,0.909,95.0,6.1,,
P1_Redock,8AZX,8AZX,8AZX,8AZX,G12C,SII-P,BI-2865(G12C),False,pan-KRAS,Boehringer-Ingelheim,Boltz,5.0695,0.384,90.0,0.909,0.576,100.0,24.2,1.33,0.976
P1_Redock,8AZX,8AZX,8AZX,8AZX,G12C,SII-P,BI-2865(G12C),False,pan-KRAS,Boehringer-Ingelheim,Chai-1,37.6205,0.111,50.0,0.606,0.879,0.0,33.3,6.13,0.689
P1_Redock,8AZX,8AZX,8AZX,8AZX,G12C,SII-P,BI-2865(G12C),False,pan-KRAS,Boehringer-Ingelheim,Boltz+Vina,2.2714,0.658,90.0,0.485,1.0,100.0,0.0,,
P1_Redock,8AZX,8AZX,8AZX,8AZX,G12C,SII-P,BI-2865(G12C),False,pan-KRAS,Boehringer-Ingelheim,Boltz+DD,3.0561,0.424,70.0,0.788,0.697,95.0,15.2,,
P1_Redock,8AZY,8AZY,8AZY,8AZY,G12V,SII-P,BI-2865(G12V),False,pan-KRAS,Boehringer-Ingelheim,Vina,2.2478,0.766,90.0,0.424,0.909,100.0,0.0,,
P1_Redock,8AZY,8AZY,8AZY,8AZY,G12V,SII-P,BI-2865(G12V),False,pan-KRAS,Boehringer-Ingelheim,Smina,2.2565,0.759,90.0,0.394,0.879,100.0,0.0,,
P1_Redock,8AZY,8AZY,8AZY,8AZY,G12V,SII-P,BI-2865(G12V),False,pan-KRAS,Boehringer-Ingelheim,DiffDock,2.57,0.497,90.0,0.606,0.909,95.0,9.1,,
P1_Redock,8AZY,8AZY,8AZY,8AZY,G12V,SII-P,BI-2865(G12V),False,pan-KRAS,Boehringer-Ingelheim,DiffDock-P,1.7104,0.528,90.0,0.455,0.94,100.0,0.0,,
P1_Redock,8AZY,8AZY,8AZY,8AZY,G12V,SII-P,BI-2865(G12V),False,pan-KRAS,Boehringer-Ingelheim,Boltz,4.4932,0.083,40.0,0.818,0.697,0.0,33.3,0.52,0.994
P1_Redock,8AZY,8AZY,8AZY,8AZY,G12V,SII-P,BI-2865(G12V),False,pan-KRAS,Boehringer-Ingelheim,Chai-1,42.6388,0.215,70.0,0.545,0.97,100.0,21.2,6.2,0.609
P1_Redock,8AZY,8AZY,8AZY,8AZY,G12V,SII-P,BI-2865(G12V),False,pan-KRAS,Boehringer-Ingelheim,Boltz+Vina,2.1974,0.738,90.0,0.424,0.909,100.0,0.0,,
P1_Redock,8AZY,8AZY,8AZY,8AZY,G12V,SII-P,BI-2865(G12V),False,pan-KRAS,Boehringer-Ingelheim,Boltz+DD,2.0197,0.503,100.0,0.727,0.788,95.0,0.0,,
P1_Redock,8B00,8B00,8B00,8B00,G13D,SII-P,BI-2865(G13D),False,pan-KRAS,Boehringer-Ingelheim,Vina,0.7902,0.838,90.0,0.485,0.939,100.0,0.0,,
P1_Redock,8B00,8B00,8B00,8B00,G13D,SII-P,BI-2865(G13D),False,pan-KRAS,Boehringer-Ingelheim,Smina,0.763,0.832,100.0,0.455,0.969,100.0,0.0,,
P1_Redock,8B00,8B00,8B00,8B00,G13D,SII-P,BI-2865(G13D),False,pan-KRAS,Boehringer-Ingelheim,DiffDock,2.4043,0.468,90.0,0.545,0.879,85.0,3.0,,
P1_Redock,8B00,8B00,8B00,8B00,G13D,SII-P,BI-2865(G13D),False,pan-KRAS,Boehringer-Ingelheim,DiffDock-P,3.0732,0.584,90.0,0.515,0.909,95.0,0.0,,
P1_Redock,8B00,8B00,8B00,8B00,G13D,SII-P,BI-2865(G13D),False,pan-KRAS,Boehringer-Ingelheim,Boltz,5.7257,0.298,100.0,0.758,0.666,100.0,24.2,0.58,0.993
P1_Redock,8B00,8B00,8B00,8B00,G13D,SII-P,BI-2865(G13D),False,pan-KRAS,Boehringer-Ingelheim,Chai-1,32.3158,0.136,70.0,0.515,0.909,100.0,15.2,6.47,0.597
P1_Redock,8B00,8B00,8B00,8B00,G13D,SII-P,BI-2865(G13D),False,pan-KRAS,Boehringer-Ingelheim,Boltz+Vina,0.7806,0.776,100.0,0.455,0.969,100.0,0.0,,
P1_Redock,8B00,8B00,8B00,8B00,G13D,SII-P,BI-2865(G13D),False,pan-KRAS,Boehringer-Ingelheim,Boltz+DD,1.4109,0.453,70.0,0.333,0.909,90.0,0.0,,
P1_Redock,8ONV,8ONV,8ONV,8ONV,G13D,SII-P,BI-2493,False,pan-KRAS,Boehringer-Ingelheim,Vina,0.129,0.948,100.0,0.455,1.0,100.0,0.0,,
P1_Redock,8ONV,8ONV,8ONV,8ONV,G13D,SII-P,BI-2493,False,pan-KRAS,Boehringer-Ingelheim,Smina,0.2007,0.927,100.0,0.364,0.909,100.0,0.0,,
P1_Redock,8ONV,8ONV,8ONV,8ONV,G13D,SII-P,BI-2493,False,pan-KRAS,Boehringer-Ingelheim,DiffDock,1.9341,0.471,83.3,0.576,0.879,100.0,6.1,,
P1_Redock,8ONV,8ONV,8ONV,8ONV,G13D,SII-P,BI-2493,False,pan-KRAS,Boehringer-Ingelheim,DiffDock-P,2.6202,0.423,83.3,0.758,0.697,85.0,12.1,,
P1_Redock,8ONV,8ONV,8ONV,8ONV,G13D,SII-P,BI-2493,False,pan-KRAS,Boehringer-Ingelheim,Boltz,4.2174,0.247,75.0,0.818,0.637,100.0,18.2,0.43,0.994
P1_Redock,8ONV,8ONV,8ONV,8ONV,G13D,SII-P,BI-2493,False,pan-KRAS,Boehringer-Ingelheim,Chai-1,42.0934,0.078,33.3,0.515,0.94,100.0,18.2,5.64,0.717
P1_Redock,8ONV,8ONV,8ONV,8ONV,G13D,SII-P,BI-2493,False,pan-KRAS,Boehringer-Ingelheim,Boltz+Vina,0.139,0.91,100.0,0.545,0.91,100.0,0.0,,
P1_Redock,8ONV,8ONV,8ONV,8ONV,G13D,SII-P,BI-2493,False,pan-KRAS,Boehringer-Ingelheim,Boltz+DD,2.5465,0.509,75.0,0.515,0.94,95.0,0.0,,
P1_Redock,8UN3,8UN3,8UN3,8UN3,G13D,SII-P,Genentech-G13D-1,False,G13D-selective,Genentech,Vina,0.2861,0.852,100.0,0.409,0.977,100.0,0.0,,
P1_Redock,8UN3,8UN3,8UN3,8UN3,G13D,SII-P,Genentech-G13D-1,False,G13D-selective,Genentech,Smina,1.4825,0.729,92.3,0.386,1.0,100.0,0.0,,
P1_Redock,8UN3,8UN3,8UN3,8UN3,G13D,SII-P,Genentech-G13D-1,False,G13D-selective,Genentech,DiffDock,2.4484,0.344,92.3,0.795,0.591,100.0,9.1,,
P1_Redock,8UN3,8UN3,8UN3,8UN3,G13D,SII-P,Genentech-G13D-1,False,G13D-selective,Genentech,DiffDock-P,1.8511,0.426,84.6,0.568,0.818,100.0,6.8,,
P1_Redock,8UN3,8UN3,8UN3,8UN3,G13D,SII-P,Genentech-G13D-1,False,G13D-selective,Genentech,Boltz,4.2504,0.21,76.9,0.841,0.545,100.0,22.7,0.88,0.992
P1_Redock,8UN3,8UN3,8UN3,8UN3,G13D,SII-P,Genentech-G13D-1,False,G13D-selective,Genentech,Chai-1,39.9887,0.121,69.2,0.432,0.954,100.0,15.9,6.36,0.695
P1_Redock,8UN3,8UN3,8UN3,8UN3,G13D,SII-P,Genentech-G13D-1,False,G13D-selective,Genentech,Boltz+Vina,0.8133,0.748,92.3,0.455,0.931,100.0,0.0,,
P1_Redock,8UN3,8UN3,8UN3,8UN3,G13D,SII-P,Genentech-G13D-1,False,G13D-selective,Genentech,Boltz+DD,1.6864,0.53,84.6,0.659,0.727,100.0,0.0,,
P1_Redock,8UN4,8UN4,8UN4,8UN4,G13D,SII-P,Genentech-G13D-2,False,G13D-selective,Genentech,Vina,2.379,0.682,93.3,0.421,0.947,100.0,0.0,,
P1_Redock,8UN4,8UN4,8UN4,8UN4,G13D,SII-P,Genentech-G13D-2,False,G13D-selective,Genentech,Smina,2.4247,0.703,93.3,0.491,0.983,100.0,0.0,,
P1_Redock,8UN4,8UN4,8UN4,8UN4,G13D,SII-P,Genentech-G13D-2,False,G13D-selective,Genentech,DiffDock,2.2479,0.5,80.0,0.491,0.983,100.0,0.0,,
P1_Redock,8UN4,8UN4,8UN4,8UN4,G13D,SII-P,Genentech-G13D-2,False,G13D-selective,Genentech,DiffDock-P,2.5388,0.362,86.7,0.474,1.0,100.0,1.8,,
P1_Redock,8UN4,8UN4,8UN4,8UN4,G13D,SII-P,Genentech-G13D-2,False,G13D-selective,Genentech,Boltz,5.6537,0.042,33.3,0.982,0.492,0.0,40.4,1.98,0.967
P1_Redock,8UN4,8UN4,8UN4,8UN4,G13D,SII-P,Genentech-G13D-2,False,G13D-selective,Genentech,Chai-1,43.837,0.066,40.0,0.404,0.93,100.0,21.1,6.33,0.662
P1_Redock,8UN4,8UN4,8UN4,8UN4,G13D,SII-P,Genentech-G13D-2,False,G13D-selective,Genentech,Boltz+Vina,3.1129,0.6,80.0,0.368,0.894,100.0,0.0,,
P1_Redock,8UN4,8UN4,8UN4,8UN4,G13D,SII-P,Genentech-G13D-2,False,G13D-selective,Genentech,Boltz+DD,2.1558,0.477,80.0,0.491,0.983,100.0,5.3,,
P1_Redock,8UN5,8UN5,8UN5,8UN5,G13D,SII-P,Genentech-G13D-3,False,G13D-selective,Genentech,Vina,0.4718,0.846,100.0,0.429,0.965,100.0,0.0,,
P1_Redock,8UN5,8UN5,8UN5,8UN5,G13D,SII-P,Genentech-G13D-3,False,G13D-selective,Genentech,Smina,1.5397,0.816,92.9,0.482,0.982,100.0,0.0,,
P1_Redock,8UN5,8UN5,8UN5,8UN5,G13D,SII-P,Genentech-G13D-3,False,G13D-selective,Genentech,DiffDock,2.0992,0.448,92.9,0.5,0.964,100.0,0.0,,
P1_Redock,8UN5,8UN5,8UN5,8UN5,G13D,SII-P,Genentech-G13D-3,False,G13D-selective,Genentech,DiffDock-P,2.2139,0.437,92.9,0.536,0.928,100.0,5.4,,
P1_Redock,8UN5,8UN5,8UN5,8UN5,G13D,SII-P,Genentech-G13D-3,False,G13D-selective,Genentech,Boltz,5.3373,0.139,50.0,0.839,0.625,100.0,28.6,0.54,0.993
P1_Redock,8UN5,8UN5,8UN5,8UN5,G13D,SII-P,Genentech-G13D-3,False,G13D-selective,Genentech,Chai-1,44.3155,0.077,35.7,0.429,0.965,100.0,16.1,6.65,0.692
P1_Redock,8UN5,8UN5,8UN5,8UN5,G13D,SII-P,Genentech-G13D-3,False,G13D-selective,Genentech,Boltz+Vina,0.6315,0.789,100.0,0.464,1.0,100.0,0.0,,
P1_Redock,8UN5,8UN5,8UN5,8UN5,G13D,SII-P,Genentech-G13D-3,False,G13D-selective,Genentech,Boltz+DD,2.0733,0.476,92.9,0.536,0.928,100.0,0.0,,
P1_Redock,6GJ7,6GJ7,6GJ7,6GJ7,G12D,SI/SII,BI-2852-analog,False,pan-RAS,Boehringer-Ingelheim,Vina,3.7046,0.61,83.3,0.333,0.949,100.0,0.0,,
P1_Redock,6GJ7,6GJ7,6GJ7,6GJ7,G12D,SI/SII,BI-2852-analog,False,pan-RAS,Boehringer-Ingelheim,Smina,3.7082,0.6,83.3,0.333,0.949,100.0,0.0,,
P1_Redock,6GJ7,6GJ7,6GJ7,6GJ7,G12D,SI/SII,BI-2852-analog,False,pan-RAS,Boehringer-Ingelheim,DiffDock,3.2085,0.596,66.7,0.282,1.0,95.0,0.0,,
P1_Redock,6GJ7,6GJ7,6GJ7,6GJ7,G12D,SI/SII,BI-2852-analog,False,pan-RAS,Boehringer-Ingelheim,DiffDock-P,3.4592,0.443,66.7,0.308,0.974,100.0,0.0,,
P1_Redock,6GJ7,6GJ7,6GJ7,6GJ7,G12D,SI/SII,BI-2852-analog,False,pan-RAS,Boehringer-Ingelheim,Boltz,4.3256,0.202,100.0,1.0,0.282,0.0,33.3,2.51,0.965
P1_Redock,6GJ7,6GJ7,6GJ7,6GJ7,G12D,SI/SII,BI-2852-analog,False,pan-RAS,Boehringer-Ingelheim,Chai-1,44.6876,0.111,33.3,0.462,0.82,100.0,20.5,11.71,0.636
P1_Redock,6GJ7,6GJ7,6GJ7,6GJ7,G12D,SI/SII,BI-2852-analog,False,pan-RAS,Boehringer-Ingelheim,Boltz+Vina,2.3187,0.594,83.3,0.41,0.872,100.0,2.6,,
P1_Redock,6GJ7,6GJ7,6GJ7,6GJ7,G12D,SI/SII,BI-2852-analog,False,pan-RAS,Boehringer-Ingelheim,Boltz+DD,2.2887,0.544,50.0,0.205,0.923,95.0,0.0,,
P1_Redock,6GJ8,6GJ8,6GJ8,6GJ8,G12D,SI/SII,BI-2852,False,pan-RAS,Boehringer-Ingelheim,Vina,3.7549,0.537,100.0,0.333,0.949,100.0,0.0,,
P1_Redock,6GJ8,6GJ8,6GJ8,6GJ8,G12D,SI/SII,BI-2852,False,pan-RAS,Boehringer-Ingelheim,Smina,3.7515,0.537,100.0,0.359,0.923,100.0,0.0,,
P1_Redock,6GJ8,6GJ8,6GJ8,6GJ8,G12D,SI/SII,BI-2852,False,pan-RAS,Boehringer-Ingelheim,DiffDock,3.119,0.613,100.0,0.179,0.897,100.0,0.0,,
P1_Redock,6GJ8,6GJ8,6GJ8,6GJ8,G12D,SI/SII,BI-2852,False,pan-RAS,Boehringer-Ingelheim,DiffDock-P,3.4364,0.494,60.0,0.282,1.0,100.0,0.0,,
P1_Redock,6GJ8,6GJ8,6GJ8,6GJ8,G12D,SI/SII,BI-2852,False,pan-RAS,Boehringer-Ingelheim,Boltz,5.4562,0.082,60.0,1.0,0.282,0.0,51.3,3.22,0.954
P1_Redock,6GJ8,6GJ8,6GJ8,6GJ8,G12D,SI/SII,BI-2852,False,pan-RAS,Boehringer-Ingelheim,Chai-1,43.367,0.215,60.0,0.487,0.795,100.0,25.6,11.8,0.614
P1_Redock,6GJ8,6GJ8,6GJ8,6GJ8,G12D,SI/SII,BI-2852,False,pan-RAS,Boehringer-Ingelheim,Boltz+Vina,2.578,0.545,100.0,0.359,0.923,100.0,2.6,,
P1_Redock,6GJ8,6GJ8,6GJ8,6GJ8,G12D,SI/SII,BI-2852,False,pan-RAS,Boehringer-Ingelheim,Boltz+DD,2.8838,0.484,60.0,0.436,0.846,100.0,0.0,,
P1_Redock,6ZL5,6ZL5,6ZL5,6ZL5,G12D(C118S),SI/SII,BI-2852,False,pan-RAS,Boehringer-Ingelheim,Vina,1.9896,0.576,100.0,0.282,0.949,100.0,0.0,,
P1_Redock,6ZL5,6ZL5,6ZL5,6ZL5,G12D(C118S),SI/SII,BI-2852,False,pan-RAS,Boehringer-Ingelheim,Smina,2.0991,0.583,100.0,0.256,0.923,100.0,0.0,,
P1_Redock,6ZL5,6ZL5,6ZL5,6ZL5,G12D(C118S),SI/SII,BI-2852,False,pan-RAS,Boehringer-Ingelheim,DiffDock,2.4695,0.451,40.0,0.308,0.975,100.0,0.0,,
P1_Redock,6ZL5,6ZL5,6ZL5,6ZL5,G12D(C118S),SI/SII,BI-2852,False,pan-RAS,Boehringer-Ingelheim,DiffDock-P,2.9241,0.463,60.0,0.282,0.949,95.0,0.0,,
P1_Redock,6ZL5,6ZL5,6ZL5,6ZL5,G12D(C118S),SI/SII,BI-2852,False,pan-RAS,Boehringer-Ingelheim,Boltz,3.9196,0.104,80.0,1.0,0.333,0.0,51.3,4.66,0.935
P1_Redock,6ZL5,6ZL5,6ZL5,6ZL5,G12D(C118S),SI/SII,BI-2852,False,pan-RAS,Boehringer-Ingelheim,Chai-1,43.3515,0.092,40.0,0.436,0.897,100.0,28.2,13.79,0.492
P1_Redock,6ZL5,6ZL5,6ZL5,6ZL5,G12D(C118S),SI/SII,BI-2852,False,pan-RAS,Boehringer-Ingelheim,Boltz+Vina,2.642,0.57,100.0,0.41,0.923,100.0,10.3,,
P1_Redock,6ZL5,6ZL5,6ZL5,6ZL5,G12D(C118S),SI/SII,BI-2852,False,pan-RAS,Boehringer-Ingelheim,Boltz+DD,3.3345,0.516,80.0,0.308,0.975,100.0,0.0,,
P1_Redock,8R7X,8R7X,8R7X,8R7X,G12D,GDP-site,GCP-analog,False,nucleotide-site,n/a,Vina,10.2054,0.078,13.3,0.375,0.375,100.0,0.0,,
P1_Redock,8R7X,8R7X,8R7X,8R7X,G12D,GDP-site,GCP-analog,False,nucleotide-site,n/a,Smina,3.8235,0.092,33.3,0.406,0.406,100.0,0.0,,
P1_Redock,8R7X,8R7X,8R7X,8R7X,G12D,GDP-site,GCP-analog,False,nucleotide-site,n/a,DiffDock,,,,,,,,,
P1_Redock,8R7X,8R7X,8R7X,8R7X,G12D,GDP-site,GCP-analog,False,nucleotide-site,n/a,DiffDock-P,,,,,,,,,
P1_Redock,8R7X,8R7X,8R7X,8R7X,G12D,GDP-site,GCP-analog,False,nucleotide-site,n/a,Boltz,10.714,0.121,26.7,1.0,1.0,0.0,43.8,0.19,0.975
P1_Redock,8R7X,8R7X,8R7X,8R7X,G12D,GDP-site,GCP-analog,False,nucleotide-site,n/a,Chai-1,39.3258,0.131,73.3,0.812,0.812,0.0,46.9,8.8,0.734
P1_Redock,8R7X,8R7X,8R7X,8R7X,G12D,GDP-site,GCP-analog,False,nucleotide-site,n/a,Boltz+Vina,0.8176,0.778,100.0,1.0,1.0,0.0,100.0,,
P1_Redock,8R7X,8R7X,8R7X,8R7X,G12D,GDP-site,GCP-analog,False,nucleotide-site,n/a,Boltz+DD,,,,,,,,,
P2_Crossdock,X7RPZ_8AZV,7RPZ,7RPZ,8AZV,G12D,SII-P,MRTX1133,False,G12D-selective,Mirati,Vina,0.6572,0.735,100.0,0.545,0.97,100.0,0.0,,
P2_Crossdock,X7RPZ_8AZV,7RPZ,7RPZ,8AZV,G12D,SII-P,MRTX1133,False,G12D-selective,Mirati,Smina,0.7127,0.692,100.0,0.485,0.97,100.0,0.0,,
P2_Crossdock,X7RPZ_8AZV,7RPZ,7RPZ,8AZV,G12D,SII-P,MRTX1133,False,G12D-selective,Mirati,DiffDock,2.6077,0.484,80.0,0.727,0.788,90.0,9.1,,
P2_Crossdock,X7RPZ_8AZV,7RPZ,7RPZ,8AZV,G12D,SII-P,MRTX1133,False,G12D-selective,Mirati,DiffDock-P,2.544,0.442,90.0,0.697,0.818,95.0,12.1,,
P2_Crossdock,X7RPZ_8AZV,7RPZ,7RPZ,8AZV,G12D,SII-P,MRTX1133,False,G12D-selective,Mirati,Boltz,3.8637,0.282,80.0,0.939,0.576,100.0,24.2,0.67,0.992
P2_Crossdock,X7RPZ_8AZV,7RPZ,7RPZ,8AZV,G12D,SII-P,MRTX1133,False,G12D-selective,Mirati,Chai-1,38.501,0.174,80.0,0.515,1.0,100.0,18.2,7.71,0.681
P2_Crossdock,X7RPZ_8AZV,7RPZ,7RPZ,8AZV,G12D,SII-P,MRTX1133,False,G12D-selective,Mirati,Boltz+Vina,0.6854,0.792,100.0,0.424,0.909,100.0,0.0,,
P2_Crossdock,X7RPZ_8AZV,7RPZ,7RPZ,8AZV,G12D,SII-P,MRTX1133,False,G12D-selective,Mirati,Boltz+DD,1.9677,0.44,80.0,0.697,0.818,100.0,9.1,,
P2_Crossdock,X7RPZ_8TXE,7RPZ,7RPZ,8TXE,G12D,SII-P,MRTX1133,False,G12D-selective,Mirati,Vina,0.2757,0.86,91.7,0.558,0.907,100.0,0.0,,
P2_Crossdock,X7RPZ_8TXE,7RPZ,7RPZ,8TXE,G12D,SII-P,MRTX1133,False,G12D-selective,Mirati,Smina,0.3044,0.835,91.7,0.558,0.907,100.0,0.0,,
P2_Crossdock,X7RPZ_8TXE,7RPZ,7RPZ,8TXE,G12D,SII-P,MRTX1133,False,G12D-selective,Mirati,DiffDock,1.7434,0.53,100.0,0.744,0.907,100.0,0.0,,
P2_Crossdock,X7RPZ_8TXE,7RPZ,7RPZ,8TXE,G12D,SII-P,MRTX1133,False,G12D-selective,Mirati,DiffDock-P,1.9437,0.545,91.7,0.698,0.953,100.0,0.0,,
P2_Crossdock,X7RPZ_8TXE,7RPZ,7RPZ,8TXE,G12D,SII-P,MRTX1133,False,G12D-selective,Mirati,Boltz,5.1486,0.261,91.7,0.907,0.744,0.0,30.2,0.38,0.995
P2_Crossdock,X7RPZ_8TXE,7RPZ,7RPZ,8TXE,G12D,SII-P,MRTX1133,False,G12D-selective,Mirati,Chai-1,44.9888,0.143,58.3,0.419,0.768,100.0,14.0,7.08,0.598
P2_Crossdock,X7RPZ_8TXE,7RPZ,7RPZ,8TXE,G12D,SII-P,MRTX1133,False,G12D-selective,Mirati,Boltz+Vina,0.3328,0.869,91.7,0.535,0.884,100.0,0.0,,
P2_Crossdock,X7RPZ_8TXE,7RPZ,7RPZ,8TXE,G12D,SII-P,MRTX1133,False,G12D-selective,Mirati,Boltz+DD,2.1603,0.543,91.7,0.744,0.907,100.0,4.7,,
P2_Crossdock,X7RPZ_8TXG,7RPZ,7RPZ,8TXG,G12D,SII-P,MRTX1133,False,G12D-selective,Mirati,Vina,0.3428,0.88,92.3,0.524,0.953,100.0,0.0,,
P2_Crossdock,X7RPZ_8TXG,7RPZ,7RPZ,8TXG,G12D,SII-P,MRTX1133,False,G12D-selective,Mirati,Smina,0.3457,0.88,92.3,0.548,0.977,100.0,0.0,,
P2_Crossdock,X7RPZ_8TXG,7RPZ,7RPZ,8TXG,G12D,SII-P,MRTX1133,False,G12D-selective,Mirati,DiffDock,1.9904,0.539,84.6,0.667,0.904,100.0,0.0,,
P2_Crossdock,X7RPZ_8TXG,7RPZ,7RPZ,8TXG,G12D,SII-P,MRTX1133,False,G12D-selective,Mirati,DiffDock-P,1.592,0.541,92.3,0.714,0.857,95.0,4.8,,
P2_Crossdock,X7RPZ_8TXG,7RPZ,7RPZ,8TXG,G12D,SII-P,MRTX1133,False,G12D-selective,Mirati,Boltz,3.82,0.165,53.8,0.667,0.904,100.0,16.7,0.39,0.995
P2_Crossdock,X7RPZ_8TXG,7RPZ,7RPZ,8TXG,G12D,SII-P,MRTX1133,False,G12D-selective,Mirati,Chai-1,39.1383,0.143,53.8,0.405,0.834,100.0,4.8,7.65,0.588
P2_Crossdock,X7RPZ_8TXG,7RPZ,7RPZ,8TXG,G12D,SII-P,MRTX1133,False,G12D-selective,Mirati,Boltz+Vina,0.9757,0.789,84.6,0.524,0.953,100.0,0.0,,
P2_Crossdock,X7RPZ_8TXG,7RPZ,7RPZ,8TXG,G12D,SII-P,MRTX1133,False,G12D-selective,Mirati,Boltz+DD,1.3997,0.559,76.9,0.595,0.976,100.0,0.0,,
P2_Crossdock,X7RPZ_8TXH,7RPZ,7RPZ,8TXH,G12D,SII-P,MRTX1133,False,G12D-selective,Mirati,Vina,0.2417,0.9,100.0,0.617,0.979,100.0,0.0,,
P2_Crossdock,X7RPZ_8TXH,7RPZ,7RPZ,8TXH,G12D,SII-P,MRTX1133,False,G12D-selective,Mirati,Smina,0.7351,0.849,100.0,0.596,0.958,100.0,0.0,,
P2_Crossdock,X7RPZ_8TXH,7RPZ,7RPZ,8TXH,G12D,SII-P,MRTX1133,False,G12D-selective,Mirati,DiffDock,2.0846,0.535,92.3,0.766,0.872,95.0,4.3,,
P2_Crossdock,X7RPZ_8TXH,7RPZ,7RPZ,8TXH,G12D,SII-P,MRTX1133,False,G12D-selective,Mirati,DiffDock-P,1.3912,0.65,100.0,0.66,0.978,100.0,0.0,,
P2_Crossdock,X7RPZ_8TXH,7RPZ,7RPZ,8TXH,G12D,SII-P,MRTX1133,False,G12D-selective,Mirati,Boltz,4.8476,0.09,53.8,1.0,0.638,0.0,38.3,0.43,0.995
P2_Crossdock,X7RPZ_8TXH,7RPZ,7RPZ,8TXH,G12D,SII-P,MRTX1133,False,G12D-selective,Mirati,Chai-1,39.3486,0.116,76.9,0.489,0.851,100.0,27.7,6.56,0.66
P2_Crossdock,X7RPZ_8TXH,7RPZ,7RPZ,8TXH,G12D,SII-P,MRTX1133,False,G12D-selective,Mirati,Boltz+Vina,0.3291,0.886,100.0,0.596,0.958,100.0,0.0,,
P2_Crossdock,X7RPZ_8TXH,7RPZ,7RPZ,8TXH,G12D,SII-P,MRTX1133,False,G12D-selective,Mirati,Boltz+DD,2.0681,0.511,92.3,0.766,0.872,100.0,4.3,,
P2_Crossdock,X7RPZ_8QUG,7RPZ,7RPZ,8QUG,G12D,SII-P,MRTX1133,False,G12D-selective,Mirati,Vina,0.3868,0.819,100.0,0.562,0.937,100.0,0.0,,
P2_Crossdock,X7RPZ_8QUG,7RPZ,7RPZ,8QUG,G12D,SII-P,MRTX1133,False,G12D-selective,Mirati,Smina,0.4217,0.792,100.0,0.5,0.875,100.0,0.0,,
P2_Crossdock,X7RPZ_8QUG,7RPZ,7RPZ,8QUG,G12D,SII-P,MRTX1133,False,G12D-selective,Mirati,DiffDock,2.2119,0.462,100.0,0.781,0.844,90.0,0.0,,
P2_Crossdock,X7RPZ_8QUG,7RPZ,7RPZ,8QUG,G12D,SII-P,MRTX1133,False,G12D-selective,Mirati,DiffDock-P,1.8407,0.381,88.9,0.75,0.875,100.0,0.0,,
P2_Crossdock,X7RPZ_8QUG,7RPZ,7RPZ,8QUG,G12D,SII-P,MRTX1133,False,G12D-selective,Mirati,Boltz,5.4013,0.169,88.9,0.938,0.687,0.0,40.6,0.75,0.993
P2_Crossdock,X7RPZ_8QUG,7RPZ,7RPZ,8QUG,G12D,SII-P,MRTX1133,False,G12D-selective,Mirati,Chai-1,39.7756,0.222,100.0,0.531,0.906,100.0,21.9,7.79,0.682
P2_Crossdock,X7RPZ_8QUG,7RPZ,7RPZ,8QUG,G12D,SII-P,MRTX1133,False,G12D-selective,Mirati,Boltz+Vina,0.2937,0.923,100.0,0.594,0.969,100.0,0.0,,
P2_Crossdock,X7RPZ_8QUG,7RPZ,7RPZ,8QUG,G12D,SII-P,MRTX1133,False,G12D-selective,Mirati,Boltz+DD,2.3164,0.422,88.9,0.625,1.0,100.0,3.1,,
P2_Crossdock,X7RPZ_8ONV,7RPZ,7RPZ,8ONV,G12D,SII-P,MRTX1133,False,G12D-selective,Mirati,Vina,0.1718,0.89,100.0,0.545,0.969,100.0,0.0,,
P2_Crossdock,X7RPZ_8ONV,7RPZ,7RPZ,8ONV,G12D,SII-P,MRTX1133,False,G12D-selective,Mirati,Smina,0.2278,0.873,100.0,0.545,0.969,100.0,0.0,,
P2_Crossdock,X7RPZ_8ONV,7RPZ,7RPZ,8ONV,G12D,SII-P,MRTX1133,False,G12D-selective,Mirati,DiffDock,2.0556,0.585,90.9,0.636,0.94,100.0,3.0,,
P2_Crossdock,X7RPZ_8ONV,7RPZ,7RPZ,8ONV,G12D,SII-P,MRTX1133,False,G12D-selective,Mirati,DiffDock-P,2.2034,0.521,81.8,0.545,0.969,90.0,0.0,,
P2_Crossdock,X7RPZ_8ONV,7RPZ,7RPZ,8ONV,G12D,SII-P,MRTX1133,False,G12D-selective,Mirati,Boltz,4.5251,0.311,90.9,0.818,0.758,100.0,18.2,0.54,0.994
P2_Crossdock,X7RPZ_8ONV,7RPZ,7RPZ,8ONV,G12D,SII-P,MRTX1133,False,G12D-selective,Mirati,Chai-1,43.534,0.188,72.7,0.485,0.909,100.0,3.0,8.59,0.621
P2_Crossdock,X7RPZ_8ONV,7RPZ,7RPZ,8ONV,G12D,SII-P,MRTX1133,False,G12D-selective,Mirati,Boltz+Vina,2.5158,0.692,81.8,0.576,1.0,100.0,0.0,,
P2_Crossdock,X7RPZ_8ONV,7RPZ,7RPZ,8ONV,G12D,SII-P,MRTX1133,False,G12D-selective,Mirati,Boltz+DD,1.418,0.528,90.9,0.788,0.788,90.0,3.0,,
P2_Crossdock,X7RPZ_8UN3,7RPZ,7RPZ,8UN3,G12D,SII-P,MRTX1133,False,G12D-selective,Mirati,Vina,2.3345,0.21,50.0,0.295,0.681,100.0,0.0,,
P2_Crossdock,X7RPZ_8UN3,7RPZ,7RPZ,8UN3,G12D,SII-P,MRTX1133,False,G12D-selective,Mirati,Smina,2.2446,0.33,85.7,0.545,0.931,100.0,0.0,,
P2_Crossdock,X7RPZ_8UN3,7RPZ,7RPZ,8UN3,G12D,SII-P,MRTX1133,False,G12D-selective,Mirati,DiffDock,1.7328,0.512,92.9,0.727,0.887,100.0,2.3,,
P2_Crossdock,X7RPZ_8UN3,7RPZ,7RPZ,8UN3,G12D,SII-P,MRTX1133,False,G12D-selective,Mirati,DiffDock-P,1.6527,0.519,92.9,0.818,0.796,100.0,2.3,,
P2_Crossdock,X7RPZ_8UN3,7RPZ,7RPZ,8UN3,G12D,SII-P,MRTX1133,False,G12D-selective,Mirati,Boltz,4.7579,0.168,85.7,0.932,0.682,100.0,25.0,0.5,0.995
P2_Crossdock,X7RPZ_8UN3,7RPZ,7RPZ,8UN3,G12D,SII-P,MRTX1133,False,G12D-selective,Mirati,Chai-1,39.3148,0.146,78.6,0.477,0.863,100.0,13.6,7.57,0.666
P2_Crossdock,X7RPZ_8UN3,7RPZ,7RPZ,8UN3,G12D,SII-P,MRTX1133,False,G12D-selective,Mirati,Boltz+Vina,0.7652,0.726,92.9,0.5,0.886,100.0,2.3,,
P2_Crossdock,X7RPZ_8UN3,7RPZ,7RPZ,8UN3,G12D,SII-P,MRTX1133,False,G12D-selective,Mirati,Boltz+DD,1.2818,0.604,100.0,0.614,1.0,95.0,2.3,,
P2_Crossdock,X7RPZ_8UN4,7RPZ,7RPZ,8UN4,G12D,SII-P,MRTX1133,False,G12D-selective,Mirati,Vina,2.9071,0.276,92.9,0.281,0.737,100.0,0.0,,
P2_Crossdock,X7RPZ_8UN4,7RPZ,7RPZ,8UN4,G12D,SII-P,MRTX1133,False,G12D-selective,Mirati,Smina,2.9196,0.283,100.0,0.351,0.807,100.0,0.0,,
P2_Crossdock,X7RPZ_8UN4,7RPZ,7RPZ,8UN4,G12D,SII-P,MRTX1133,False,G12D-selective,Mirati,DiffDock,2.7206,0.447,92.9,0.719,0.825,100.0,1.8,,
P2_Crossdock,X7RPZ_8UN4,7RPZ,7RPZ,8UN4,G12D,SII-P,MRTX1133,False,G12D-selective,Mirati,DiffDock-P,2.4707,0.385,100.0,0.754,0.79,100.0,7.0,,
P2_Crossdock,X7RPZ_8UN4,7RPZ,7RPZ,8UN4,G12D,SII-P,MRTX1133,False,G12D-selective,Mirati,Boltz,4.795,0.208,57.1,0.754,0.79,100.0,15.8,0.45,0.994
P2_Crossdock,X7RPZ_8UN4,7RPZ,7RPZ,8UN4,G12D,SII-P,MRTX1133,False,G12D-selective,Mirati,Chai-1,43.1256,0.137,78.6,0.404,0.86,100.0,17.5,7.21,0.697
P2_Crossdock,X7RPZ_8UN4,7RPZ,7RPZ,8UN4,G12D,SII-P,MRTX1133,False,G12D-selective,Mirati,Boltz+Vina,1.9808,0.621,92.9,0.667,0.877,100.0,7.0,,
P2_Crossdock,X7RPZ_8UN4,7RPZ,7RPZ,8UN4,G12D,SII-P,MRTX1133,False,G12D-selective,Mirati,Boltz+DD,2.5709,0.406,85.7,0.544,1.0,100.0,7.0,,
P2_Crossdock,X7RPZ_8UN5,7RPZ,7RPZ,8UN5,G12D,SII-P,MRTX1133,False,G12D-selective,Mirati,Vina,1.9834,0.404,85.7,0.232,0.661,100.0,0.0,,
P2_Crossdock,X7RPZ_8UN5,7RPZ,7RPZ,8UN5,G12D,SII-P,MRTX1133,False,G12D-selective,Mirati,Smina,2.1507,0.376,85.7,0.375,0.804,100.0,0.0,,
P2_Crossdock,X7RPZ_8UN5,7RPZ,7RPZ,8UN5,G12D,SII-P,MRTX1133,False,G12D-selective,Mirati,DiffDock,1.6686,0.482,92.9,0.696,0.875,100.0,7.1,,
P2_Crossdock,X7RPZ_8UN5,7RPZ,7RPZ,8UN5,G12D,SII-P,MRTX1133,False,G12D-selective,Mirati,DiffDock-P,2.0484,0.457,92.9,0.661,0.91,100.0,5.4,,
P2_Crossdock,X7RPZ_8UN5,7RPZ,7RPZ,8UN5,G12D,SII-P,MRTX1133,False,G12D-selective,Mirati,Boltz,4.8486,0.259,100.0,0.839,0.732,100.0,28.6,0.35,0.994
P2_Crossdock,X7RPZ_8UN5,7RPZ,7RPZ,8UN5,G12D,SII-P,MRTX1133,False,G12D-selective,Mirati,Chai-1,39.8408,0.142,78.6,0.393,0.822,100.0,12.5,7.35,0.663
P2_Crossdock,X7RPZ_8UN5,7RPZ,7RPZ,8UN5,G12D,SII-P,MRTX1133,False,G12D-selective,Mirati,Boltz+Vina,1.8674,0.705,100.0,0.661,0.91,100.0,7.1,,
P2_Crossdock,X7RPZ_8UN5,7RPZ,7RPZ,8UN5,G12D,SII-P,MRTX1133,False,G12D-selective,Mirati,Boltz+DD,2.1748,0.406,92.9,0.75,0.821,100.0,7.1,,
P2_Crossdock,X8AZV_7RPZ,8AZV,8AZV,7RPZ,G12D,SII-P,BI-2865,False,pan-KRAS,Boehringer-Ingelheim,Vina,0.4272,0.741,92.3,0.545,0.909,100.0,0.0,,
P2_Crossdock,X8AZV_7RPZ,8AZV,8AZV,7RPZ,G12D,SII-P,BI-2865,False,pan-KRAS,Boehringer-Ingelheim,Smina,0.5752,0.741,92.3,0.5,0.864,100.0,0.0,,
P2_Crossdock,X8AZV_7RPZ,8AZV,8AZV,7RPZ,G12D,SII-P,BI-2865,False,pan-KRAS,Boehringer-Ingelheim,DiffDock,2.0214,0.535,92.3,0.705,0.931,100.0,2.3,,
P2_Crossdock,X8AZV_7RPZ,8AZV,8AZV,7RPZ,G12D,SII-P,BI-2865,False,pan-KRAS,Boehringer-Ingelheim,DiffDock-P,2.4514,0.496,84.6,0.5,0.864,95.0,0.0,,
P2_Crossdock,X8AZV_7RPZ,8AZV,8AZV,7RPZ,G12D,SII-P,BI-2865,False,pan-KRAS,Boehringer-Ingelheim,Boltz,5.1084,0.158,69.2,0.818,0.818,100.0,29.5,0.76,0.99
P2_Crossdock,X8AZV_7RPZ,8AZV,8AZV,7RPZ,G12D,SII-P,BI-2865,False,pan-KRAS,Boehringer-Ingelheim,Chai-1,48.7379,0.066,30.8,0.455,0.819,100.0,22.7,6.96,0.538
P2_Crossdock,X8AZV_7RPZ,8AZV,8AZV,7RPZ,G12D,SII-P,BI-2865,False,pan-KRAS,Boehringer-Ingelheim,Boltz+Vina,0.1993,0.832,100.0,0.591,0.955,100.0,0.0,,
P2_Crossdock,X8AZV_7RPZ,8AZV,8AZV,7RPZ,G12D,SII-P,BI-2865,False,pan-KRAS,Boehringer-Ingelheim,Boltz+DD,1.9108,0.583,84.6,0.614,0.978,100.0,2.3,,
P2_Crossdock,X8AZV_8TXE,8AZV,8AZV,8TXE,G12D,SII-P,BI-2865,False,pan-KRAS,Boehringer-Ingelheim,Vina,0.5133,0.768,92.9,0.442,0.93,100.0,0.0,,
P2_Crossdock,X8AZV_8TXE,8AZV,8AZV,8TXE,G12D,SII-P,BI-2865,False,pan-KRAS,Boehringer-Ingelheim,Smina,0.5342,0.744,85.7,0.488,0.976,100.0,0.0,,
P2_Crossdock,X8AZV_8TXE,8AZV,8AZV,8TXE,G12D,SII-P,BI-2865,False,pan-KRAS,Boehringer-Ingelheim,DiffDock,2.6893,0.519,100.0,0.558,0.954,95.0,2.3,,
P2_Crossdock,X8AZV_8TXE,8AZV,8AZV,8TXE,G12D,SII-P,BI-2865,False,pan-KRAS,Boehringer-Ingelheim,DiffDock-P,1.5671,0.544,100.0,0.721,0.791,100.0,2.3,,
P2_Crossdock,X8AZV_8TXE,8AZV,8AZV,8TXE,G12D,SII-P,BI-2865,False,pan-KRAS,Boehringer-Ingelheim,Boltz,4.9392,0.21,57.1,0.93,0.582,100.0,16.3,0.76,0.989
P2_Crossdock,X8AZV_8TXE,8AZV,8AZV,8TXE,G12D,SII-P,BI-2865,False,pan-KRAS,Boehringer-Ingelheim,Chai-1,40.5535,0.072,35.7,0.512,1.0,100.0,25.6,7.33,0.587
P2_Crossdock,X8AZV_8TXE,8AZV,8AZV,8TXE,G12D,SII-P,BI-2865,False,pan-KRAS,Boehringer-Ingelheim,Boltz+Vina,0.6196,0.802,92.9,0.488,0.976,100.0,0.0,,
P2_Crossdock,X8AZV_8TXE,8AZV,8AZV,8TXE,G12D,SII-P,BI-2865,False,pan-KRAS,Boehringer-Ingelheim,Boltz+DD,1.2663,0.656,85.7,0.512,1.0,100.0,0.0,,
P2_Crossdock,X8AZV_8TXG,8AZV,8AZV,8TXG,G12D,SII-P,BI-2865,False,pan-KRAS,Boehringer-Ingelheim,Vina,0.6056,0.784,92.9,0.476,0.976,100.0,0.0,,
P2_Crossdock,X8AZV_8TXG,8AZV,8AZV,8TXG,G12D,SII-P,BI-2865,False,pan-KRAS,Boehringer-Ingelheim,Smina,0.6095,0.75,85.7,0.524,0.928,100.0,0.0,,
P2_Crossdock,X8AZV_8TXG,8AZV,8AZV,8TXG,G12D,SII-P,BI-2865,False,pan-KRAS,Boehringer-Ingelheim,DiffDock,1.6706,0.6,78.6,0.595,0.857,100.0,0.0,,
P2_Crossdock,X8AZV_8TXG,8AZV,8AZV,8TXG,G12D,SII-P,BI-2865,False,pan-KRAS,Boehringer-Ingelheim,DiffDock-P,1.633,0.62,100.0,0.548,0.904,100.0,0.0,,
P2_Crossdock,X8AZV_8TXG,8AZV,8AZV,8TXG,G12D,SII-P,BI-2865,False,pan-KRAS,Boehringer-Ingelheim,Boltz,4.4226,0.246,78.6,0.881,0.571,100.0,16.7,0.69,0.991
P2_Crossdock,X8AZV_8TXG,8AZV,8AZV,8TXG,G12D,SII-P,BI-2865,False,pan-KRAS,Boehringer-Ingelheim,Chai-1,38.3448,0.037,35.7,0.548,0.904,0.0,31.0,5.74,0.619
P2_Crossdock,X8AZV_8TXG,8AZV,8AZV,8TXG,G12D,SII-P,BI-2865,False,pan-KRAS,Boehringer-Ingelheim,Boltz+Vina,0.9664,0.839,85.7,0.452,1.0,100.0,0.0,,
P2_Crossdock,X8AZV_8TXG,8AZV,8AZV,8TXG,G12D,SII-P,BI-2865,False,pan-KRAS,Boehringer-Ingelheim,Boltz+DD,1.7291,0.639,85.7,0.595,0.857,100.0,0.0,,
P2_Crossdock,X8AZV_8TXH,8AZV,8AZV,8TXH,G12D,SII-P,BI-2865,False,pan-KRAS,Boehringer-Ingelheim,Vina,0.5344,0.779,100.0,0.511,0.979,100.0,0.0,,
P2_Crossdock,X8AZV_8TXH,8AZV,8AZV,8TXH,G12D,SII-P,BI-2865,False,pan-KRAS,Boehringer-Ingelheim,Smina,0.5395,0.764,100.0,0.532,1.0,100.0,0.0,,
P2_Crossdock,X8AZV_8TXH,8AZV,8AZV,8TXH,G12D,SII-P,BI-2865,False,pan-KRAS,Boehringer-Ingelheim,DiffDock,2.5804,0.528,85.7,0.574,0.958,100.0,0.0,,
P2_Crossdock,X8AZV_8TXH,8AZV,8AZV,8TXH,G12D,SII-P,BI-2865,False,pan-KRAS,Boehringer-Ingelheim,DiffDock-P,1.869,0.515,78.6,0.702,0.83,100.0,6.4,,
P2_Crossdock,X8AZV_8TXH,8AZV,8AZV,8TXH,G12D,SII-P,BI-2865,False,pan-KRAS,Boehringer-Ingelheim,Boltz,4.8445,0.396,78.6,0.809,0.723,100.0,23.4,0.5,0.992
P2_Crossdock,X8AZV_8TXH,8AZV,8AZV,8TXH,G12D,SII-P,BI-2865,False,pan-KRAS,Boehringer-Ingelheim,Chai-1,36.6768,0.072,50.0,0.553,0.979,100.0,29.8,5.51,0.615
P2_Crossdock,X8AZV_8TXH,8AZV,8AZV,8TXH,G12D,SII-P,BI-2865,False,pan-KRAS,Boehringer-Ingelheim,Boltz+Vina,0.9549,0.811,92.9,0.532,1.0,100.0,0.0,,
P2_Crossdock,X8AZV_8TXH,8AZV,8AZV,8TXH,G12D,SII-P,BI-2865,False,pan-KRAS,Boehringer-Ingelheim,Boltz+DD,2.0806,0.615,92.9,0.511,0.979,100.0,0.0,,
P2_Crossdock,X8AZV_8QUG,8AZV,8AZV,8QUG,G12D,SII-P,BI-2865,False,pan-KRAS,Boehringer-Ingelheim,Vina,0.16,0.925,100.0,0.438,0.907,100.0,0.0,,
P2_Crossdock,X8AZV_8QUG,8AZV,8AZV,8QUG,G12D,SII-P,BI-2865,False,pan-KRAS,Boehringer-Ingelheim,Smina,0.1585,0.933,100.0,0.406,0.875,100.0,0.0,,
P2_Crossdock,X8AZV_8QUG,8AZV,8AZV,8QUG,G12D,SII-P,BI-2865,False,pan-KRAS,Boehringer-Ingelheim,DiffDock,2.3189,0.497,80.0,0.594,0.937,95.0,0.0,,
P2_Crossdock,X8AZV_8QUG,8AZV,8AZV,8QUG,G12D,SII-P,BI-2865,False,pan-KRAS,Boehringer-Ingelheim,DiffDock-P,2.2697,0.484,80.0,0.781,0.75,100.0,15.6,,
P2_Crossdock,X8AZV_8QUG,8AZV,8AZV,8QUG,G12D,SII-P,BI-2865,False,pan-KRAS,Boehringer-Ingelheim,Boltz,5.2596,0.314,80.0,0.875,0.656,100.0,21.9,0.8,0.989
P2_Crossdock,X8AZV_8QUG,8AZV,8AZV,8QUG,G12D,SII-P,BI-2865,False,pan-KRAS,Boehringer-Ingelheim,Chai-1,40.8657,0.029,20.0,0.625,0.906,100.0,15.6,5.04,0.677
P2_Crossdock,X8AZV_8QUG,8AZV,8AZV,8QUG,G12D,SII-P,BI-2865,False,pan-KRAS,Boehringer-Ingelheim,Boltz+Vina,1.0349,0.87,90.0,0.5,0.969,100.0,0.0,,
P2_Crossdock,X8AZV_8QUG,8AZV,8AZV,8QUG,G12D,SII-P,BI-2865,False,pan-KRAS,Boehringer-Ingelheim,Boltz+DD,2.3991,0.403,80.0,0.656,0.875,100.0,3.1,,
P2_Crossdock,X8AZV_8ONV,8AZV,8AZV,8ONV,G12D,SII-P,BI-2865,False,pan-KRAS,Boehringer-Ingelheim,Vina,1.2536,0.835,90.9,0.515,0.97,100.0,0.0,,
P2_Crossdock,X8AZV_8ONV,8AZV,8AZV,8ONV,G12D,SII-P,BI-2865,False,pan-KRAS,Boehringer-Ingelheim,Smina,0.1487,0.879,90.9,0.455,0.91,100.0,0.0,,
P2_Crossdock,X8AZV_8ONV,8AZV,8AZV,8ONV,G12D,SII-P,BI-2865,False,pan-KRAS,Boehringer-Ingelheim,DiffDock,2.3972,0.442,81.8,0.697,0.848,90.0,3.0,,
P2_Crossdock,X8AZV_8ONV,8AZV,8AZV,8ONV,G12D,SII-P,BI-2865,False,pan-KRAS,Boehringer-Ingelheim,DiffDock-P,1.47,0.533,81.8,0.636,0.909,100.0,6.1,,
P2_Crossdock,X8AZV_8ONV,8AZV,8AZV,8ONV,G12D,SII-P,BI-2865,False,pan-KRAS,Boehringer-Ingelheim,Boltz,5.6781,0.273,81.8,0.939,0.606,0.0,42.4,1.22,0.977
P2_Crossdock,X8AZV_8ONV,8AZV,8AZV,8ONV,G12D,SII-P,BI-2865,False,pan-KRAS,Boehringer-Ingelheim,Chai-1,40.9814,0.029,36.4,0.576,0.969,100.0,27.3,14.73,0.521
P2_Crossdock,X8AZV_8ONV,8AZV,8AZV,8ONV,G12D,SII-P,BI-2865,False,pan-KRAS,Boehringer-Ingelheim,Boltz+Vina,0.1531,0.936,90.9,0.515,0.97,100.0,0.0,,
P2_Crossdock,X8AZV_8ONV,8AZV,8AZV,8ONV,G12D,SII-P,BI-2865,False,pan-KRAS,Boehringer-Ingelheim,Boltz+DD,1.9997,0.455,72.7,0.667,0.878,95.0,6.1,,
P2_Crossdock,X8AZV_8UN3,8AZV,8AZV,8UN3,G12D,SII-P,BI-2865,False,pan-KRAS,Boehringer-Ingelheim,Vina,0.5922,0.812,100.0,0.477,0.978,100.0,0.0,,
P2_Crossdock,X8AZV_8UN3,8AZV,8AZV,8UN3,G12D,SII-P,BI-2865,False,pan-KRAS,Boehringer-Ingelheim,Smina,0.8085,0.728,85.7,0.455,1.0,100.0,0.0,,
P2_Crossdock,X8AZV_8UN3,8AZV,8AZV,8UN3,G12D,SII-P,BI-2865,False,pan-KRAS,Boehringer-Ingelheim,DiffDock,1.6049,0.66,92.9,0.614,0.841,100.0,0.0,,
P2_Crossdock,X8AZV_8UN3,8AZV,8AZV,8UN3,G12D,SII-P,BI-2865,False,pan-KRAS,Boehringer-Ingelheim,DiffDock-P,1.2234,0.665,92.9,0.591,0.864,100.0,0.0,,
P2_Crossdock,X8AZV_8UN3,8AZV,8AZV,8UN3,G12D,SII-P,BI-2865,False,pan-KRAS,Boehringer-Ingelheim,Boltz,4.8144,0.268,85.7,0.864,0.591,100.0,25.0,0.9,0.988
P2_Crossdock,X8AZV_8UN3,8AZV,8AZV,8UN3,G12D,SII-P,BI-2865,False,pan-KRAS,Boehringer-Ingelheim,Chai-1,36.7181,0.078,21.4,0.523,0.932,0.0,31.8,7.21,0.529
P2_Crossdock,X8AZV_8UN3,8AZV,8AZV,8UN3,G12D,SII-P,BI-2865,False,pan-KRAS,Boehringer-Ingelheim,Boltz+Vina,0.7958,0.809,100.0,0.5,0.955,100.0,0.0,,
P2_Crossdock,X8AZV_8UN3,8AZV,8AZV,8UN3,G12D,SII-P,BI-2865,False,pan-KRAS,Boehringer-Ingelheim,Boltz+DD,2.178,0.533,100.0,0.636,0.819,100.0,4.5,,
P2_Crossdock,X8AZV_8UN4,8AZV,8AZV,8UN4,G12D,SII-P,BI-2865,False,pan-KRAS,Boehringer-Ingelheim,Vina,1.1517,0.659,92.9,0.509,0.789,100.0,0.0,,
P2_Crossdock,X8AZV_8UN4,8AZV,8AZV,8UN4,G12D,SII-P,BI-2865,False,pan-KRAS,Boehringer-Ingelheim,Smina,1.1596,0.667,92.9,0.509,0.789,100.0,0.0,,
P2_Crossdock,X8AZV_8UN4,8AZV,8AZV,8UN4,G12D,SII-P,BI-2865,False,pan-KRAS,Boehringer-Ingelheim,DiffDock,2.4233,0.461,78.6,0.526,0.772,100.0,5.3,,
P2_Crossdock,X8AZV_8UN4,8AZV,8AZV,8UN4,G12D,SII-P,BI-2865,False,pan-KRAS,Boehringer-Ingelheim,DiffDock-P,3.2169,0.395,92.9,0.474,0.824,100.0,3.5,,
P2_Crossdock,X8AZV_8UN4,8AZV,8AZV,8UN4,G12D,SII-P,BI-2865,False,pan-KRAS,Boehringer-Ingelheim,Boltz,5.8253,0.214,71.4,0.86,0.438,100.0,24.6,0.84,0.991
P2_Crossdock,X8AZV_8UN4,8AZV,8AZV,8UN4,G12D,SII-P,BI-2865,False,pan-KRAS,Boehringer-Ingelheim,Chai-1,45.1255,0.111,57.1,0.386,0.912,100.0,10.5,7.37,0.574
P2_Crossdock,X8AZV_8UN4,8AZV,8AZV,8UN4,G12D,SII-P,BI-2865,False,pan-KRAS,Boehringer-Ingelheim,Boltz+Vina,2.3078,0.694,92.9,0.421,0.877,100.0,0.0,,
P2_Crossdock,X8AZV_8UN4,8AZV,8AZV,8UN4,G12D,SII-P,BI-2865,False,pan-KRAS,Boehringer-Ingelheim,Boltz+DD,2.0742,0.563,85.7,0.544,0.754,100.0,0.0,,
P2_Crossdock,X8AZV_8UN5,8AZV,8AZV,8UN5,G12D,SII-P,BI-2865,False,pan-KRAS,Boehringer-Ingelheim,Vina,0.9211,0.721,100.0,0.536,0.857,100.0,0.0,,
P2_Crossdock,X8AZV_8UN5,8AZV,8AZV,8UN5,G12D,SII-P,BI-2865,False,pan-KRAS,Boehringer-Ingelheim,Smina,0.9241,0.728,100.0,0.482,0.911,100.0,0.0,,
P2_Crossdock,X8AZV_8UN5,8AZV,8AZV,8UN5,G12D,SII-P,BI-2865,False,pan-KRAS,Boehringer-Ingelheim,DiffDock,2.7968,0.434,100.0,0.661,0.732,100.0,1.8,,
P2_Crossdock,X8AZV_8UN5,8AZV,8AZV,8UN5,G12D,SII-P,BI-2865,False,pan-KRAS,Boehringer-Ingelheim,DiffDock-P,2.2537,0.488,92.3,0.464,0.929,100.0,1.8,,
P2_Crossdock,X8AZV_8UN5,8AZV,8AZV,8UN5,G12D,SII-P,BI-2865,False,pan-KRAS,Boehringer-Ingelheim,Boltz,5.7965,0.193,84.6,0.893,0.5,0.0,37.5,0.77,0.989
P2_Crossdock,X8AZV_8UN5,8AZV,8AZV,8UN5,G12D,SII-P,BI-2865,False,pan-KRAS,Boehringer-Ingelheim,Chai-1,41.4588,0.129,69.2,0.446,0.947,100.0,12.5,6.34,0.604
P2_Crossdock,X8AZV_8UN5,8AZV,8AZV,8UN5,G12D,SII-P,BI-2865,False,pan-KRAS,Boehringer-Ingelheim,Boltz+Vina,2.4411,0.676,100.0,0.411,0.982,100.0,0.0,,
P2_Crossdock,X8AZV_8UN5,8AZV,8AZV,8UN5,G12D,SII-P,BI-2865,False,pan-KRAS,Boehringer-Ingelheim,Boltz+DD,1.9285,0.586,92.3,0.5,0.893,95.0,1.8,,
P2_Crossdock,X6GJ8_6GJ7,6GJ8,6GJ8,6GJ7,G12D,SI/SII,BI-2852,False,pan-RAS,Boehringer-Ingelheim,Vina,3.6778,0.577,83.3,0.308,1.0,100.0,0.0,,
P2_Crossdock,X6GJ8_6GJ7,6GJ8,6GJ8,6GJ7,G12D,SI/SII,BI-2852,False,pan-RAS,Boehringer-Ingelheim,Smina,3.67,0.588,83.3,0.308,1.0,100.0,0.0,,
P2_Crossdock,X6GJ8_6GJ7,6GJ8,6GJ8,6GJ7,G12D,SI/SII,BI-2852,False,pan-RAS,Boehringer-Ingelheim,DiffDock,2.9477,0.573,66.7,0.256,0.948,100.0,0.0,,
P2_Crossdock,X6GJ8_6GJ7,6GJ8,6GJ8,6GJ7,G12D,SI/SII,BI-2852,False,pan-RAS,Boehringer-Ingelheim,DiffDock-P,3.7771,0.469,100.0,0.436,0.872,95.0,0.0,,
P2_Crossdock,X6GJ8_6GJ7,6GJ8,6GJ8,6GJ7,G12D,SI/SII,BI-2852,False,pan-RAS,Boehringer-Ingelheim,Boltz,4.7357,0.302,83.3,0.59,0.718,100.0,23.1,2.9,0.957
P2_Crossdock,X6GJ8_6GJ7,6GJ8,6GJ8,6GJ7,G12D,SI/SII,BI-2852,False,pan-RAS,Boehringer-Ingelheim,Chai-1,45.0996,0.167,83.3,0.41,0.898,100.0,15.4,11.81,0.599
P2_Crossdock,X6GJ8_6GJ7,6GJ8,6GJ8,6GJ7,G12D,SI/SII,BI-2852,False,pan-RAS,Boehringer-Ingelheim,Boltz+Vina,2.9883,0.617,83.3,0.359,0.949,100.0,2.6,,
P2_Crossdock,X6GJ8_6GJ7,6GJ8,6GJ8,6GJ7,G12D,SI/SII,BI-2852,False,pan-RAS,Boehringer-Ingelheim,Boltz+DD,3.4285,0.619,50.0,0.333,0.975,100.0,2.6,,
P3_Apo,APO5US4_7RPZ,5US4,5US4,7RPZ,G12D,SII-P,MRTX1133,False,G12D-selective,Mirati,Vina,1.4951,0.278,87.5,0.205,0.637,100.0,0.0,,
P3_Apo,APO5US4_7RPZ,5US4,5US4,7RPZ,G12D,SII-P,MRTX1133,False,G12D-selective,Mirati,Smina,1.447,0.274,87.5,0.227,0.659,100.0,0.0,,
P3_Apo,APO5US4_7RPZ,5US4,5US4,7RPZ,G12D,SII-P,MRTX1133,False,G12D-selective,Mirati,DiffDock,1.5629,0.575,100.0,0.614,0.954,100.0,4.5,,
P3_Apo,APO5US4_7RPZ,5US4,5US4,7RPZ,G12D,SII-P,MRTX1133,False,G12D-selective,Mirati,DiffDock-P,2.0887,0.593,87.5,0.636,0.932,100.0,4.5,,
P3_Apo,APO5US4_7RPZ,5US4,5US4,7RPZ,G12D,SII-P,MRTX1133,False,G12D-selective,Mirati,Boltz,4.5564,0.361,87.5,0.75,0.818,100.0,27.3,1.51,0.962
P3_Apo,APO5US4_7RPZ,5US4,5US4,7RPZ,G12D,SII-P,MRTX1133,False,G12D-selective,Mirati,Chai-1,42.4192,0.071,87.5,0.455,0.887,100.0,22.7,5.06,0.625
P3_Apo,APO5US4_7RPZ,5US4,5US4,7RPZ,G12D,SII-P,MRTX1133,False,G12D-selective,Mirati,Boltz+Vina,0.2805,0.783,100.0,0.682,0.886,100.0,6.8,,
P3_Apo,APO5US4_7RPZ,5US4,5US4,7RPZ,G12D,SII-P,MRTX1133,False,G12D-selective,Mirati,Boltz+DD,3.0294,0.567,100.0,0.75,0.818,95.0,11.4,,
P3_Apo,APO5US4_8AZV,5US4,5US4,8AZV,G12D,SII-P,BI-2865,False,pan-KRAS,Boehringer-Ingelheim,Vina,1.9742,0.323,71.4,0.303,0.667,100.0,0.0,,
P3_Apo,APO5US4_8AZV,5US4,5US4,8AZV,G12D,SII-P,BI-2865,False,pan-KRAS,Boehringer-Ingelheim,Smina,2.0229,0.32,71.4,0.212,0.576,100.0,0.0,,
P3_Apo,APO5US4_8AZV,5US4,5US4,8AZV,G12D,SII-P,BI-2865,False,pan-KRAS,Boehringer-Ingelheim,DiffDock,1.951,0.632,85.7,0.788,0.848,90.0,15.2,,
P3_Apo,APO5US4_8AZV,5US4,5US4,8AZV,G12D,SII-P,BI-2865,False,pan-KRAS,Boehringer-Ingelheim,DiffDock-P,1.7189,0.539,85.7,0.576,0.94,100.0,3.0,,
P3_Apo,APO5US4_8AZV,5US4,5US4,8AZV,G12D,SII-P,BI-2865,False,pan-KRAS,Boehringer-Ingelheim,Boltz,5.1683,0.134,71.4,0.939,0.697,0.0,48.5,1.21,0.961
P3_Apo,APO5US4_8AZV,5US4,5US4,8AZV,G12D,SII-P,BI-2865,False,pan-KRAS,Boehringer-Ingelheim,Chai-1,43.2399,0.083,85.7,0.576,0.94,100.0,24.2,7.93,0.624
P3_Apo,APO5US4_8AZV,5US4,5US4,8AZV,G12D,SII-P,BI-2865,False,pan-KRAS,Boehringer-Ingelheim,Boltz+Vina,3.0708,0.357,85.7,0.697,0.939,100.0,15.2,,
P3_Apo,APO5US4_8AZV,5US4,5US4,8AZV,G12D,SII-P,BI-2865,False,pan-KRAS,Boehringer-Ingelheim,Boltz+DD,1.6466,0.637,71.4,0.697,0.939,55.0,15.2,,
P3_Apo,APO5US4_8TXE,5US4,5US4,8TXE,G12D,SII-P,ERAS-5024,False,G12D-selective,Erasca,Vina,1.562,0.258,87.5,0.186,0.488,100.0,0.0,,
P3_Apo,APO5US4_8TXE,5US4,5US4,8TXE,G12D,SII-P,ERAS-5024,False,G12D-selective,Erasca,Smina,1.1652,0.222,75.0,0.256,0.558,100.0,0.0,,
P3_Apo,APO5US4_8TXE,5US4,5US4,8TXE,G12D,SII-P,ERAS-5024,False,G12D-selective,Erasca,DiffDock,2.111,0.664,100.0,0.698,1.0,100.0,4.7,,
P3_Apo,APO5US4_8TXE,5US4,5US4,8TXE,G12D,SII-P,ERAS-5024,False,G12D-selective,Erasca,DiffDock-P,2.1054,0.583,100.0,0.581,0.883,90.0,9.3,,
P3_Apo,APO5US4_8TXE,5US4,5US4,8TXE,G12D,SII-P,ERAS-5024,False,G12D-selective,Erasca,Boltz,4.9475,0.216,100.0,0.953,0.745,0.0,32.6,1.89,0.96
P3_Apo,APO5US4_8TXE,5US4,5US4,8TXE,G12D,SII-P,ERAS-5024,False,G12D-selective,Erasca,Chai-1,40.7165,0.151,75.0,0.535,0.837,100.0,23.3,6.13,0.584
P3_Apo,APO5US4_8TXE,5US4,5US4,8TXE,G12D,SII-P,ERAS-5024,False,G12D-selective,Erasca,Boltz+Vina,1.049,0.812,100.0,0.674,0.976,100.0,7.0,,
P3_Apo,APO5US4_8TXE,5US4,5US4,8TXE,G12D,SII-P,ERAS-5024,False,G12D-selective,Erasca,Boltz+DD,1.8864,0.651,100.0,0.791,0.907,95.0,14.0,,
P3_Apo,APO5US4_8TXG,5US4,5US4,8TXG,G12D,SII-P,Erasca-cpd8,False,G12D-selective,Erasca,Vina,1.564,0.201,66.7,0.286,0.691,100.0,0.0,,
P3_Apo,APO5US4_8TXG,5US4,5US4,8TXG,G12D,SII-P,Erasca-cpd8,False,G12D-selective,Erasca,Smina,1.6035,0.191,66.7,0.333,0.738,100.0,0.0,,
P3_Apo,APO5US4_8TXG,5US4,5US4,8TXG,G12D,SII-P,Erasca-cpd8,False,G12D-selective,Erasca,DiffDock,2.0711,0.503,77.8,0.881,0.714,100.0,7.1,,
P3_Apo,APO5US4_8TXG,5US4,5US4,8TXG,G12D,SII-P,Erasca-cpd8,False,G12D-selective,Erasca,DiffDock-P,1.738,0.622,100.0,0.595,1.0,100.0,7.1,,
P3_Apo,APO5US4_8TXG,5US4,5US4,8TXG,G12D,SII-P,Erasca-cpd8,False,G12D-selective,Erasca,Boltz,5.1537,0.308,77.8,0.738,0.857,100.0,23.8,1.36,0.96
P3_Apo,APO5US4_8TXG,5US4,5US4,8TXG,G12D,SII-P,Erasca-cpd8,False,G12D-selective,Erasca,Chai-1,44.8933,0.107,66.7,0.5,0.905,100.0,23.8,6.72,0.577
P3_Apo,APO5US4_8TXG,5US4,5US4,8TXG,G12D,SII-P,Erasca-cpd8,False,G12D-selective,Erasca,Boltz+Vina,1.4868,0.732,100.0,0.595,1.0,100.0,11.9,,
P3_Apo,APO5US4_8TXG,5US4,5US4,8TXG,G12D,SII-P,Erasca-cpd8,False,G12D-selective,Erasca,Boltz+DD,2.4565,0.561,88.9,0.619,0.976,100.0,14.3,,
P3_Apo,APO5US4_8TXH,5US4,5US4,8TXH,G12D,SII-P,Erasca-cpd14,False,G12D-selective,Erasca,Vina,1.3725,0.232,55.6,0.213,0.553,100.0,0.0,,
P3_Apo,APO5US4_8TXH,5US4,5US4,8TXH,G12D,SII-P,Erasca-cpd14,False,G12D-selective,Erasca,Smina,0.9456,0.256,55.6,0.234,0.574,100.0,0.0,,
P3_Apo,APO5US4_8TXH,5US4,5US4,8TXH,G12D,SII-P,Erasca-cpd14,False,G12D-selective,Erasca,DiffDock,2.2588,0.522,66.7,0.617,0.957,100.0,6.4,,
P3_Apo,APO5US4_8TXH,5US4,5US4,8TXH,G12D,SII-P,Erasca-cpd14,False,G12D-selective,Erasca,DiffDock-P,1.9087,0.632,88.9,0.681,0.979,100.0,8.5,,
P3_Apo,APO5US4_8TXH,5US4,5US4,8TXH,G12D,SII-P,Erasca-cpd14,False,G12D-selective,Erasca,Boltz,4.6948,0.404,100.0,0.702,0.958,100.0,21.3,1.81,0.959
P3_Apo,APO5US4_8TXH,5US4,5US4,8TXH,G12D,SII-P,Erasca-cpd14,False,G12D-selective,Erasca,Chai-1,40.9658,0.097,55.6,0.511,0.851,100.0,23.4,5.58,0.607
P3_Apo,APO5US4_8TXH,5US4,5US4,8TXH,G12D,SII-P,Erasca-cpd14,False,G12D-selective,Erasca,Boltz+Vina,1.0457,0.824,100.0,0.617,0.957,100.0,6.4,,
P3_Apo,APO5US4_8TXH,5US4,5US4,8TXH,G12D,SII-P,Erasca-cpd14,False,G12D-selective,Erasca,Boltz+DD,1.9622,0.641,100.0,0.681,0.979,100.0,8.5,,
P3_Apo,APO5US4_8QUG,5US4,5US4,8QUG,G12D,SII-P,BI-degrader-WH,False,pan-KRAS,Boehringer-Ingelheim,Vina,2.2205,0.009,16.7,0.312,0.718,100.0,0.0,,
P3_Apo,APO5US4_8QUG,5US4,5US4,8QUG,G12D,SII-P,BI-degrader-WH,False,pan-KRAS,Boehringer-Ingelheim,Smina,1.8855,0.168,66.7,0.281,0.687,100.0,0.0,,
P3_Apo,APO5US4_8QUG,5US4,5US4,8QUG,G12D,SII-P,BI-degrader-WH,False,pan-KRAS,Boehringer-Ingelheim,DiffDock,1.5239,0.479,83.3,0.75,0.844,80.0,28.1,,
P3_Apo,APO5US4_8QUG,5US4,5US4,8QUG,G12D,SII-P,BI-degrader-WH,False,pan-KRAS,Boehringer-Ingelheim,DiffDock-P,1.7197,0.462,66.7,0.469,0.875,95.0,0.0,,
P3_Apo,APO5US4_8QUG,5US4,5US4,8QUG,G12D,SII-P,BI-degrader-WH,False,pan-KRAS,Boehringer-Ingelheim,Boltz,4.7556,0.165,83.3,1.0,0.594,0.0,37.5,1.21,0.963
P3_Apo,APO5US4_8QUG,5US4,5US4,8QUG,G12D,SII-P,BI-degrader-WH,False,pan-KRAS,Boehringer-Ingelheim,Chai-1,40.1866,0.148,50.0,0.594,1.0,100.0,18.8,6.34,0.594
P3_Apo,APO5US4_8QUG,5US4,5US4,8QUG,G12D,SII-P,BI-degrader-WH,False,pan-KRAS,Boehringer-Ingelheim,Boltz+Vina,1.6521,0.564,100.0,0.75,0.844,100.0,0.0,,
P3_Apo,APO5US4_8QUG,5US4,5US4,8QUG,G12D,SII-P,BI-degrader-WH,False,pan-KRAS,Boehringer-Ingelheim,Boltz+DD,2.5753,0.74,83.3,0.75,0.844,70.0,21.9,,
P3_Apo,APO4TQA_8ONV,4TQA,4TQA,8ONV,G13D,SII-P,BI-2493,False,pan-KRAS,Boehringer-Ingelheim,Vina,2.4702,0.088,50.0,0.303,0.667,100.0,0.0,,
P3_Apo,APO4TQA_8ONV,4TQA,4TQA,8ONV,G13D,SII-P,BI-2493,False,pan-KRAS,Boehringer-Ingelheim,Smina,2.4508,0.089,50.0,0.303,0.667,100.0,0.0,,
P3_Apo,APO4TQA_8ONV,4TQA,4TQA,8ONV,G13D,SII-P,BI-2493,False,pan-KRAS,Boehringer-Ingelheim,DiffDock,2.3053,0.239,80.0,0.939,0.697,85.0,30.3,,
P3_Apo,APO4TQA_8ONV,4TQA,4TQA,8ONV,G13D,SII-P,BI-2493,False,pan-KRAS,Boehringer-Ingelheim,DiffDock-P,1.4854,0.609,80.0,0.818,0.818,90.0,21.2,,
P3_Apo,APO4TQA_8ONV,4TQA,4TQA,8ONV,G13D,SII-P,BI-2493,False,pan-KRAS,Boehringer-Ingelheim,Boltz,4.0798,0.204,50.0,0.697,0.939,100.0,12.1,3.05,0.965
P3_Apo,APO4TQA_8ONV,4TQA,4TQA,8ONV,G13D,SII-P,BI-2493,False,pan-KRAS,Boehringer-Ingelheim,Chai-1,45.9442,0.103,60.0,0.545,0.909,100.0,27.3,6.57,0.714
P3_Apo,APO4TQA_8ONV,4TQA,4TQA,8ONV,G13D,SII-P,BI-2493,False,pan-KRAS,Boehringer-Ingelheim,Boltz+Vina,0.2774,0.752,90.0,0.576,0.94,100.0,18.2,,
P3_Apo,APO4TQA_8ONV,4TQA,4TQA,8ONV,G13D,SII-P,BI-2493,False,pan-KRAS,Boehringer-Ingelheim,Boltz+DD,2.2951,0.517,90.0,0.879,0.757,70.0,9.1,,
P3_Apo,APO4TQA_8UN3,4TQA,4TQA,8UN3,G13D,SII-P,Genentech-G13D-1,False,G13D-selective,Genentech,Vina,0.902,0.161,66.7,0.25,0.545,100.0,0.0,,
P3_Apo,APO4TQA_8UN3,4TQA,4TQA,8UN3,G13D,SII-P,Genentech-G13D-1,False,G13D-selective,Genentech,Smina,0.9704,0.152,66.7,0.227,0.522,100.0,0.0,,
P3_Apo,APO4TQA_8UN3,4TQA,4TQA,8UN3,G13D,SII-P,Genentech-G13D-1,False,G13D-selective,Genentech,DiffDock,1.8549,0.513,75.0,0.614,0.909,100.0,9.1,,
P3_Apo,APO4TQA_8UN3,4TQA,4TQA,8UN3,G13D,SII-P,Genentech-G13D-1,False,G13D-selective,Genentech,DiffDock-P,2.4057,0.436,83.3,0.727,0.978,95.0,15.9,,
P3_Apo,APO4TQA_8UN3,4TQA,4TQA,8UN3,G13D,SII-P,Genentech-G13D-1,False,G13D-selective,Genentech,Boltz,4.898,0.154,66.7,0.955,0.75,0.0,61.4,3.15,0.966
P3_Apo,APO4TQA_8UN3,4TQA,4TQA,8UN3,G13D,SII-P,Genentech-G13D-1,False,G13D-selective,Genentech,Chai-1,38.951,0.139,58.3,0.523,0.818,100.0,13.6,6.06,0.596
P3_Apo,APO4TQA_8UN3,4TQA,4TQA,8UN3,G13D,SII-P,Genentech-G13D-1,False,G13D-selective,Genentech,Boltz+Vina,0.7974,0.816,91.7,0.659,0.954,100.0,15.9,,
P3_Apo,APO4TQA_8UN3,4TQA,4TQA,8UN3,G13D,SII-P,Genentech-G13D-1,False,G13D-selective,Genentech,Boltz+DD,1.2357,0.775,100.0,0.705,1.0,85.0,15.9,,
P3_Apo,APO4TQA_8UN4,4TQA,4TQA,8UN4,G13D,SII-P,Genentech-G13D-2,False,G13D-selective,Genentech,Vina,1.7488,0.123,58.3,0.333,0.807,100.0,0.0,,
P3_Apo,APO4TQA_8UN4,4TQA,4TQA,8UN4,G13D,SII-P,Genentech-G13D-2,False,G13D-selective,Genentech,Smina,1.7579,0.123,58.3,0.298,0.772,100.0,0.0,,
P3_Apo,APO4TQA_8UN4,4TQA,4TQA,8UN4,G13D,SII-P,Genentech-G13D-2,False,G13D-selective,Genentech,DiffDock,2.226,0.515,66.7,0.544,0.982,100.0,12.3,,
P3_Apo,APO4TQA_8UN4,4TQA,4TQA,8UN4,G13D,SII-P,Genentech-G13D-2,False,G13D-selective,Genentech,DiffDock-P,2.0736,0.51,83.3,0.474,0.948,100.0,3.5,,
P3_Apo,APO4TQA_8UN4,4TQA,4TQA,8UN4,G13D,SII-P,Genentech-G13D-2,False,G13D-selective,Genentech,Boltz,6.4179,0.278,83.3,0.912,0.614,100.0,28.1,3.12,0.965
P3_Apo,APO4TQA_8UN4,4TQA,4TQA,8UN4,G13D,SII-P,Genentech-G13D-2,False,G13D-selective,Genentech,Chai-1,39.8614,0.119,58.3,0.439,0.913,100.0,17.5,5.75,0.602
P3_Apo,APO4TQA_8UN4,4TQA,4TQA,8UN4,G13D,SII-P,Genentech-G13D-2,False,G13D-selective,Genentech,Boltz+Vina,2.329,0.712,100.0,0.754,0.772,100.0,17.5,,
P3_Apo,APO4TQA_8UN4,4TQA,4TQA,8UN4,G13D,SII-P,Genentech-G13D-2,False,G13D-selective,Genentech,Boltz+DD,2.3246,0.511,83.3,0.649,0.877,100.0,10.5,,
P3_Apo,APO4TQA_8UN5,4TQA,4TQA,8UN5,G13D,SII-P,Genentech-G13D-3,False,G13D-selective,Genentech,Vina,3.2431,0.203,72.7,0.304,0.768,100.0,0.0,,
P3_Apo,APO4TQA_8UN5,4TQA,4TQA,8UN5,G13D,SII-P,Genentech-G13D-3,False,G13D-selective,Genentech,Smina,3.273,0.21,72.7,0.304,0.768,100.0,0.0,,
P3_Apo,APO4TQA_8UN5,4TQA,4TQA,8UN5,G13D,SII-P,Genentech-G13D-3,False,G13D-selective,Genentech,DiffDock,2.9702,0.389,81.8,0.429,0.893,100.0,10.7,,
P3_Apo,APO4TQA_8UN5,4TQA,4TQA,8UN5,G13D,SII-P,Genentech-G13D-3,False,G13D-selective,Genentech,DiffDock-P,2.6532,0.513,90.9,0.571,0.965,100.0,8.9,,
P3_Apo,APO4TQA_8UN5,4TQA,4TQA,8UN5,G13D,SII-P,Genentech-G13D-3,False,G13D-selective,Genentech,Boltz,5.5906,0.179,81.8,1.0,0.536,0.0,46.4,3.03,0.965
P3_Apo,APO4TQA_8UN5,4TQA,4TQA,8UN5,G13D,SII-P,Genentech-G13D-3,False,G13D-selective,Genentech,Chai-1,42.4424,0.092,54.5,0.411,0.875,100.0,21.4,6.51,0.587
P3_Apo,APO4TQA_8UN5,4TQA,4TQA,8UN5,G13D,SII-P,Genentech-G13D-3,False,G13D-selective,Genentech,Boltz+Vina,1.8025,0.759,100.0,0.607,0.929,100.0,10.7,,
P3_Apo,APO4TQA_8UN5,4TQA,4TQA,8UN5,G13D,SII-P,Genentech-G13D-3,False,G13D-selective,Genentech,Boltz+DD,2.0123,0.628,100.0,0.589,0.947,100.0,14.3,,
